rank,institution
Top 6%,"""de Recherche pour l'Agriculture, l'Alimentation et l'Environnement (INRAE), Rennes, France."
Top 9%,"Abteilung Empirische Wirtschaftsforschung und International Wirtschaftspolitik, Fachbereich Wirtschaftswissenschaft, Goethe Universität Frankfurt am Main, Frankfurt am Main, Germany."
Top 6%,"Abteilung Finanzen, Fachbereich Wirtschaftswissenschaft, Goethe Universität Frankfurt am Main, Frankfurt am Main, Germany."
Top 7%,"Abteilung Geld und Währung, Fachbereich Wirtschaftswissenschaft, Goethe Universität Frankfurt am Main, Frankfurt am Main, Germany."
Top 10%,"Abteilung Management und Mikroökonomik, Fachbereich Wirtschaftswissenschaft, Goethe Universität Frankfurt am Main, Frankfurt am Main, Germany."
Top 7%,"Abteilung Volkswirtschaftslehre, Fachbereich Wirtschaftswissenschaft, Freie Universität Berlin, Berlin, Germany."
181,"Abteilung für Volkswirtschaftslehre, Universität Mannheim
Mannheim, Germany"
219,"Academia de Studii Economice din Bucureşti
Bucureşti, Romania"
169,"Adam Smith Business School, University  of Glasgow
Glasgow, United Kingdom"
Top 6%,"Adnan Kassar School of Business, Lebanese American University, Beirut/Byblos,."
Top 6%,"Afdeling Econometrie and Operations Research, School of Business and Economics, Vrije Universiteit Amsterdam, Amsterdam, Netherlands."
Top 6%,"Afdeling Economie, School of Business and Economics, Vrije Universiteit Amsterdam, Amsterdam, Netherlands."
Top 6%,"Afdeling Ruimtelijke Economie, School of Business and Economics, Vrije Universiteit Amsterdam, Amsterdam, Netherlands."
Top 10%,"African Development Bank, Abidjan, Côte d'Ivoire."
Top 8%,"African Governance and Development Institute (AGDI), Yaoundé, Cameroun."
Top 9%,"Agricultural and Resource Economics, UWA School of Agriculture and Environment, University  of Western Australia, Perth, Australia."
383,"Alfred-Weber-Institut für Wirtschaftswissenschaften, Fakultät für Wirtschafts- und Sozialwissenschaften, Ruprecht-Karls-Universität Heidelberg
Heidelberg, Germany"
379,"Alliance Manchester Business School, University  of Manchester
Manchester, United Kingdom"
Top 7%,"American Enterprise Institute, Washington, District of Columbia (USA)."
344,"Amsterdam School of Economics, Faculteit Economie en Bedrijfskunde, Universiteit van Amsterdam
Amsterdam, Netherlands"
56,"Anderson Graduate School of Management, University  of California-Los Angeles (UCLA)
Los Angeles, California (USA)"
120,"Andrew Young School of Policy  Studies, Georgia State University
Atlanta, Georgia (USA)"
Top 8%,"Antai College of Economics and Management, Shanghai Jiao Tong University, Shanghai, China."
401,"Applied Economics Workshop, Booth School of Business, University  of Chicago
Chicago, Illinois (USA)"
Top 6%,"Arbetsmarknadsdepartementet, Government of Sweden, Stockholm, Sweden."
214,"Argy ros College of Business and Economics, Chapman University
Orange, California (USA)"
314,"Arndt-Corden Department of Economics, Crawford School of Public Policy, Australian National University
Canberra, Australia"
435,"Asian Development Bank
Manila, Philippines"
Top 10%,"Asian Development Bank Institute, Asian Development Bank, Tokyo, Japan."
Top 9%,"Asia School of Business, Kuala Lumpur, Malaysia."
Top 8%,"Aston Business School, Aston University, Birmingham, United Kingdom."
Top 7%,"Athens, Greece College of Business,."
175,"Athens University  of Economics and Business (AUEB)
Athens, Greece"
Top 9%,"BAFFI Centre on Economics, Finance and Regulation, Università Commerciale Luigi Bocconi, Milano, Italy."
194,"BI Handelshøyskolen
Oslo, Norway"
39,"Banca d'Italia
Roma, Italy"
Top 7%,"Banco Central de Chile, Santiago, Chile."
Top 8%,"Banco Central do Brasil, Brasília, Brazil."
88,"Banco de España
Madrid, Spain"
Top 8%,"Banco de México, México, Mexico."
327,"Banco de Portugal
Lisboa, Portugal"
156,"Banco de la Republica de Colombia
Bogotá, Colombia"
Top 7%,"Bangor Business School, Bangor University, Bangor, United Kingdom."
45,"Bank for International Settlements (BIS)
Basel, Switzerland"
133,"Bank of Canada
Ottawa, Canada"
100,"Bank of England
London, United Kingdom"
421,"Bank of Greece
Athens, Greece"
Top 10%,"Bank of Israel, Jerusalem, Israel."
Top 7%,"Bank of Japan, Tokyo, Japan."
Top 9%,"Banque Centrale du Luxembourg, Luxembourg, Luxembourg."
101,"Banque de France
Paris, France"
22,"Barcelona School of Economics (BSE)
Barcelona, Spain"
300,"Bayes Business School, City  St George's
London, United Kingdom"
Top 7%,"Belk College of Business, University  of North Carolina-Charlotte, Charlotte, North Carolina (USA)."
393,"Bendheim Center for Finance, Department of Economics, Princeton University
Princeton, New Jersey (USA)"
Top 9%,"Birmingham Business School, University  of Birmingham, Birmingham, United Kingdom."
Top 6%,"Bonn Graduate School of Economics, Wirtschaftswissenschaftlicher Fachbereich, Rheinische Friedrich-."
6,"Booth School of Business, University  of Chicago
Chicago, Illinois (USA)"
282,"Bordeaux Sciences Économiques (BSE), Université de Bordeaux
Bordeaux, France"
55,"Brookings Institution
Washington, District of Columbia (USA)"
Top 7%,"Bryan School of Business and Economics, University  of North Carolina-Greensboro, Greensboro, North Carolina (USA)."
Top 9%,"Buenos Aires, Buenos Aires, Argentina."
388,"Bureau d'Économie Théorique et Appliquée (BETA)
Nancy/Strasbourg, France"
Top 10%,"Bureau of Economic Analysis, Department of Commerce, Government of the United States, Washington, District of Columbia (USA)."
Top 6%,"Business, Government and the International Economy  (BGIE) Unit, Harvard Business School, Harvard University, Cambridge, Massachusetts (USA)."
Top 7%,"Business, Rutgers University -Newark, Newark, New Jersey (USA)."
445,"Business Economics, Rotman School of Management, University  of Toronto
Toronto, Canada"
208,"Business School, Deakin University
Melbourne, Australia"
355,"Business School, Durham University
Durham, United Kingdom"
372,"Business School, Hong Kong University  of Science and Technology  (HKUST)
Kowloon, Hong Kong"
107,"Business School, Imperial College
London, United Kingdom"
329,"Business School, King's College London
London, United Kingdom"
Top 6%,"Business School, Loughborough University, Loughborough, United Kingdom."
411,"Business School, Macquarie University
Sydney, Australia"
Top 8%,"Business School, Massey  University, Auckland/Palmerston North, New Zealand."
430,"Business School, National University  of Singapore (NUS)
Singapore, Singapore"
Top 7%,"Business School, Newcastle University, Newcastle upon Tyne, United Kingdom."
Top 8%,"Business School, Queen's University, Belfast, United Kingdom."
Top 7%,"Business School, Queensland University  of Technology, Brisbane, Australia."
363,"Business School, University  of Auckland
Auckland, New Zealand"
Top 6%,"Business School, University  of Canterbury, Christchurch, New Zealand."
290,"Business School, University  of Exeter
Exeter, United Kingdom"
Top 6%,"Business School, University  of Nottingham, Nottingham, United Kingdom."
Top 10%,"Business School, University  of Queensland, Brisbane, Australia."
325,"Business School, University  of Sydney
Sydney, Australia"
206,"Business School, University  of Technology  Sydney
Sydney, Australia"
381,"Business School, University  of Western Australia
Perth, Australia"
Top 9%,"CER-ETH Center of Economic Research, Department of Management, Technology  and Economics (D-MTEC), Eidgenössische Technische Hochschule Zürich (ETHZ), Zürich, Switzerland."
126,"CESifo
München, Germany"
Top 6%,"California (USA) Economics Section, Cardif f Business School, Cardif f University,."
Top 7%,"Capaciteitsgroep Algemene Economie, Faculteit der Economische Wetenschappen, Erasmus Universiteit Rotterdam, Rotterdam, Netherlands."
Top 8%,"Capaciteitsgroep Toegepaste Economie, Faculteit der Economische Wetenschappen, Erasmus Universiteit Rotterdam, Rotterdam, Netherlands."
Top 6%,"Cardiff, United Kingdom Faculdade de Economia, Universidade do Porto, Porto, Portugal."
294,"Cardiff Business School, Cardiff University
Cardiff, United Kingdom"
407,"Carey  Business School, Johns Hopkins University
Baltimore, Maryland (USA)"
Top 8%,"Carlo F Dondena Centre for Research on Social Dynamics (DONDENA), Università Commerciale Luigi Bocconi, Milano, Italy."
416,"Carlson School of Management, University  of Minnesota
Minneapolis, Minnesota (USA)"
232,"Carol Martin Gatton College of Business and Economics, University  of Kentucky
Lexington, Kentucky (USA)"
161,"Census Bureau, Department of Commerce, Government of the United States
Washington, District of Columbia (USA)"
82,"CentER Graduate School for Economics and Business, School of Economics and Management, Universiteit van Tilburg
Tilburg, Netherlands"
Top 6%,"Center for Analytic Research and Economics in the Social Sciences (CARESS), Department of Economics, University  of Pennsylvania, Philadelphia, Pennsylvania (USA)."
368,"Center for Economic Research and Graduate Education and Economics Institute (CERGE-EI)
Praha, Czech Republic"
221,"Center for Economic Studies, Census Bureau, Department of Commerce, Government of the United States
Washington, District of Columbia (USA)"
319,"Center for Energy   and Environmental Policy  Research (CEEP), Beijing Institute of Technology
Beijing, China"
Top 6%,"Center for Global Development (CGD), Washington, District of Columbia (USA)."
377,"Center for Global Management, Anderson Graduate School of Management, University  of California-Los Angeles (UCLA)
Los Angeles, California (USA)"
Top 8%,"Center for Global Policy  Analysis, School of Economics, LeBow College of Business, Drexel University, Philadelphia, Pennsylvania (USA)."
Top 8%,"Center for Global Trade Analysis (GTAP), Department of Agricultural Economics, Purdue University, West Lafayette, Indiana (USA)."
Top 7%,"Center for International Development, Harvard Kennedy  School, Harvard University, Cambridge, Massachusetts (USA)."
Top 8%,"Center for Nonlinear Dynamics in Economics and Finance (CeNDEF), Faculteit Economie en Bedrijfskunde, Universiteit van Amsterdam, Amsterdam, Netherlands."
139,"Center for Operations Research and Econometrics (CORE), Louvain Institute of Data Analysis and Modelling in Economics and Statistics (LIDAM), Université Catholique de Louvain
Louvain-la-Neuve, Belgium"
Top 9%,"Center for Quantitative Economic Research (CQER), Federal Reserve Bank of Atlanta, Atlanta, Georgia (USA)."
283,"Center for Research in Econometric Analysis of Time Series (CREATES), Institut for Økonomi, Aarhus Universitet
Aarhus, Denmark"
Top 6%,"Center for Research in Economics, Management and the Arts (CREMA), Basel/Zürich, Switzerland."
Top 10%,"Center for the Study  of Industrial Organization (CSIO), Department of Economics, Northwestern University, Evanston, Illinois (USA)."
Top 6%,"Center for the Study  of Rationality , Hebrew University  of Jerusalem, Jerusalem, Israel."
Top 10%,"Centraal Planbureau (CPB), Government of the Netherlands, Den Haag, Netherlands."
Top 7%,"Central Bank of Ireland, Dublin, Ireland."
276,"Central University  of Finance and Economics (CUFE)
Beijing, China"
Top 6%,"Centre Emile Bernheim, Solvay  Brussels School of Economics and Management, Université Libre de Bruxelles, Bruxelles, Belgium."
Top 6%,"Centre International de Recherche sur l'Environnement et le Développement (CIRED), Paris, France."
Top 8%,"Centre Interuniversitaire de Recherche en Analyse des Organisations (CIRANO), Montréal, Canada."
Top 6%,"Centre Interuniversitaire de Recherche en Économie Quantitative (CIREQ), Montréal, Canada."
Top 9%,"Centre d'Économie Industrielle (CERNA), Mines Paris, Paris, France."
Top 6%,"Centre d'Économie de l'Environnement - Montpellier (CEE-M), Faculté de sciences économiques, Université de Montpellier, Montpellier, France."
Top 8%,"Centre d'Économie de l'Université Paris-Nord (CEPN), Université Paris-13, Paris, France."
202,"Centre d'Économie de la Sorbonne, Université Paris 1 (Panthéon-Sorbonne)
Paris, France"
418,"Centre d'Études et de Recherches sur le Développement International (CERDI), École d'Économie, Université Clermont Auvergne
Clermont-Ferrand, France"
Top 6%,"Centre d'études prospectives et d'informations internationales (CEPII), Paris, France."
184,"Centre de Recerca en Economia Internacional (CREI), Barcelona School of Economics (BSE)
Barcelona, Spain"
Top 8%,"Centre de Recherche en Économie de Développement (CRED), Faculté Économie, Management, Communication, Sciences Po, Université de Namur, Namur, Belgium."
425,"Centre de Recherche en Économie et Management (CREM)
Rennes/Caen, France"
84,"Centre de Recherche en Économie et Statistique (CREST)
Palaiseau, France"
Top 8%,"Centre de Recherche sur l'Économie de l'Innovation, Collège de France, Paris, France."
258,"Centre de recherche en Économie (OFCE), Sciences économiques, Sciences Po
Paris, France"
370,"Centre for Applied Macroeconomic Analysis (CAMA), Crawford School of Public Policy, Australian National University
Canberra, Australia"
Top 9%,"Centre for Business Taxation, Saïd Business School, Oxford University, Oxford, United Kingdom."
Top 7%,"Centre for Business and Economics Research (CeBER), Faculdade de Economia, Universidade do Coimbra, Coimbra, Portugal."
Top 9%,"Centre for Comparative Economics, School of Slavonic and East European Studies, University  College London (UCL), London, United Kingdom."
392,"Centre for Decision Research and Experimental Economics (CeDEx) , School of Economics, University  of Nottingham
Nottingham, United Kingdom"
Top 9%,"Centre for Economics at Paris-Saclay  (CEPS), Graduate School of Economics and Management, Université Paris-Saclay, Saint-Aubin, France."
Top 10%,"Centre for Economic History  (CEH), Research School of Economics, College of Business and Economics, Australian National University, Canberra, Australia."
48,"Centre for Economic Performance (CEP), London School of Economics (LSE)
London, United Kingdom"
29,"Centre for Economic Policy  Research (CEPR)
London, United Kingdom"
Top 10%,"Centre for Efficiency  and Productivity  Analysis (CEPA), School of Economics, University  of Queensland, Brisbane, Australia."
Top 7%,"Centre for Health Economics, Department of Economics and Related Studies, University  of York, York, United Kingdom."
Top 6%,"Centre for Health Economics, Monash Business School, Monash University, Melbourne, Australia."
Top 8%,"Centre for Macroeconomics (CFM), London, United Kingdom."
Top 6%,"Centre for Research and Analysis of Migration (CReAM), University  College London (UCL), London, United Kingdom."
382,"Centre for the Study  of African Economies (CSAE), Department of Economics, Oxford University
Oxford, United Kingdom"
Top 9%,"Centre of Excellence for Science and Innovation Studies, Kungliga Tekniska Högskolan (KTH), Stockholm, Sweden."
Top 8%,"Centre of Policy  Studies and Impact Project (COPS), Victoria University, Melbourne,Australia."
Top 6%,"Centro Ricerche Nord Sud (CRENoS), Cagliari, Italy."
188,"Centro Studi di Economia e Finanza (CSEF)
Napoli, Italy"
Top 10%,"Centro de Estudios Distributivos, Laborales y  Sociales (CEDLAS), Facultad de Ciencias Económicas, Universidad Nacional de La Plata, La Plata, Argentina."
Top 10%,"Centro de Estudios Económicos, Colegio de México, México, Mexico."
82,"Centro de Estudios Monetarios y  Financieros (CEMFI)
Madrid, Spain"
Top 8%,"Centro de Estudios Sobre Desarrollo Económico (CEDE), Facultad de Economía, Universidad de los Andes (Colombia), Bogotá, Colombia."
Top 8%,"Centro de Investigación Económica (CIE), Departamento Académico de Economía, Instituto Tecnólogico Autónomo de México (ITAM), México, Mexico."
Top 9%,"Centro de Investigación y  Docencia Económicas (CIDE), México, Mexico."
137,"Charles H. Dyson School of Applied Economics and Management, College of Agriculture and Life Sciences, Cornell University
Ithaca, New York (USA)"
254,"Cheung Kong Graduate School of Business
Beijing, China"
Top 9%,"China Center for Agricultural Policy  (CCAP), Peking University, Beijing, China."
Top 7%,"China Center for Economic Research (CCER), Peking University, Beijing, China."
398,"China Economics and Management Academy, Central University  of Finance and Economics (CUFE)
Beijing, China"
Top 7%,"China Institute for Studies in Energy  Policy, Xiamen University, Fujian, China."
Top 8%,"College of Business, City  University, Kowloon, Hong Kong."
Top 10%,"College of Business, University  of Cincinnati, Cincinnati, Ohio (USA)."
253,"College of Business, University  of Illinois at Urbana-Champaign
Urbana-Champaign, Illinois (USA)"
Top 8%,"College of Business, University  of Nevada-Reno, Reno, Nevada (USA)."
338,"College of Business, University  of Wyoming
Laramie, Wyoming (USA)"
Top 10%,"College of Business Administration, Kent State University, Kent, Ohio (USA)."
Top 10%,"College of Business Administration, Marquette University, Milwaukee, Wisconsin (USA)."
Top 7%,"College of Business Administration, University  of Central Florida, Orlando, Florida (USA)."
Top 8%,"College of Business Administration, University  of Illinois at Chicago, Chicago, Illinois (USA)."
Top 9%,"College of Business Administration, University  of Nebraska, Lincoln, Nebraska (USA)."
Top 10%,"College of Business and Administration, University  of New Orleans, New Orleans, Louisiana (USA)."
128,"College of Business and Economics, Australian National University
Canberra, Australia"
Top 10%,"College of Business and Economics, Lehigh University, Bethlehem, Pennsylvania (USA)."
Top 7%,"College of Business and Economics, University  of Johannesburg, Auckland Park, South Africa Facoltà di Economia """"Richard M."
Top 6%,"College of Business and Economics, West Virginia University, Morgantown, West Virginia (USA)."
Top 6%,"College of Business and Economics, Yonsei University, Seoul, South Korea."
Top 7%,"College of Economics, Sogang University, Seoul, South Korea."
Top 9%,"College of Economics and Management, China Agricultural University, Beijing, China."
Top 9%,"College of Economic and Management Sciences, University  of South Africa (UNISA), Pretoria, South Africa."
371,"Collegio Carlo Alberto, Università degli Studi di Torino
Torino, Italy"
Top 10%,"Collège Sciences Sociales et Humanités, Université de Pau et des Pays de l'Adour, Pau, France."
448,"Collège du Management de la Technologie, École Polytechnique Fédérale de Lausanne (EPFL)
Lausanne, Switzerland"
147,"Copenhagen Business School
København, Denmark"
Top 10%,"Corporación Andina de Fomento (CAF) - Banco de Desarrollo de América Latina, Caracas, Venezuela."
112,"Cowles Foundation for Research in Economics, Yale University
New Haven, Connecticut (USA)"
97,"Crawford School of Public Policy, Australian National University
Canberra, Australia"
335,"Culverhouse College of Business, University  of Alabama-Tuscaloosa
Tuscaloosa, Alabama (USA)"
73,"DIW Berlin (Deutsches Institut für Wirtschaftsforschung)
Berlin, Germany"
Top 7%,"Darden School of Business, University  of Virginia, Charlottesville, Virginia (USA)."
Top 6%,"Darla Moore School of Business, University  of South Carolina, Columbia, South Carolina (USA)."
Top 8%,"Data Group, Economics Research, World Bank Group, Washington, District of Columbia (USA)."
Top 9%,"Dauphine Recherches en Management (DRM), Université Paris-Dauphine (Paris IX),."
362,"David Eccles School of Business, University  of Utah
Salt Lake City, Utah (USA)"
Top 10%,"DeGroote School of Business, McMaster University, Hamilton, Canada."
Top 7%,"Delhi School of Economics, University  of Delhi, Delhi, India."
Top 7%,"Departamento Académico de Economía, Instituto Tecnólogico Autónomo de México (ITAM), México, Mexico."
Top 7%,"Departamento Académico de Economía, Universidad del Pacífico, Lima, Peru."
Top 6%,"Departamento de Análisis Económico, Facultad de Economía y  Empresa, Universidad del País Vasco - Euskal Herriko Unibertsitatea, Bilbao, Spain."
Top 8%,"Departamento de Análisis Económico: Teoría Económica e Historia Económica, Facultad de Ciencias Económicas y  Empresariales, Universidad Autónoma de Madrid, Madrid, Spain."
Top 8%,"Departamento de Economia, Faculdade de Economia, Administração e Contabilidade,."
Top 7%,"Departamento de Economia, Pontifícia Universidade Católica do Rio de Janeiro, Rio de."
273,"Departamento de Economía, Facultad de Economía y  Negocios, Universidad de Chile
Santiago, Chile"
Top 9%,"Departamento de Economía, Pontificia Universidad Católica del Perú, Lima, Peru."
144,"Departamento de Economía, Universidad Carlos III de Madrid
Madrid, Spain"
Top 10%,"Departamento de Economía, Universidad Pablo de Olavide, Sevilla, Spain."
Top 7%,"Departamento de Economía, Universidad Torcuato Di Tella, Buenos Aires, Argentina."
423,"Departamento de Economía, Universidad de San Andrés
Buenos Aires, Argentina"
Top 10%,"Departamento de Economía de la Empresa, Universidad Carlos III de Madrid, Madrid,Spain."
Top 10%,"Departamento de Fundamentos da Análise Económica, Facultade de Ciencias Económicas e Empresariais, Universidade de Santiago de Compostela, Santiago de Compostela, Spain."
Top 6%,"Departamento de Fundamentos del Análisis Económico, Facultad de Ciencias Económicas y  Empresariales, Universidad de Alicante, Alicante, Spain."
Top 10%,"Departamento de Teoría e Historia Económica, Facultad de Ciencias Económicas y  Empresariales, Universidad de Málaga, Málaga, Spain."
Top 6%,"Departament d'Anàlisi Económica, Facultad de Economía, Universidad de València, València, Spain."
Top 10%,"Departament d'Economia, Facultat de Ciències Econòmiques i Empresarials, Universitat de Girona, Girona, Spain."
Top 7%,"Departament d'Economia, Universitat Jaume I, Castellón de la Plana, Spain."
Top 9%,"Departament d'Economia Aplicada, Facultat de Ciències Econòmiques i Empresarials, Universitat de les Illes Balears, Palma de Mallorca, Spain."
Top 7%,"Departament d'Economia Aplicada, Universitat Autònoma de Barcelona, Barcelona, Spain."
73,"Departament d'Economia i Empresa, Universitat Pompeu Fabra, Barcelona School of Economics (BSE)
Barcelona, Spain"
276,"Departament d'Economia i Història Econòmica, Universitat Autònoma de Barcelona, Barcelona School of Economics (BSE)
Barcelona, Spain"
Top 9%,"Departament d'Estructura Econòmica, Facultad de Economía, Universidad de València, València, Spain Danmarks Nationalbank, København, Denmark."
Top 7%,"Departement Algemene Economie, School of Economics and Management, Universiteit van Tilburg, Tilburg, Netherlands."
Top 8%,"Departement Econometrie & Operations Research, School of Economics and Management, Universiteit van Tilburg, Tilburg, Netherlands."
Top 10%,"Departement d'Économie Politique, Faculté des sciences économiques et sociales - Wirtschafts- und Sozialwissenschaftliche Fakultät, Université de Fribourg - Universität Freiburg, Fribourg/Freiburg, Switzerland."
Top 8%,"Department of Finance, W.P. Carey School of Business, Arizona State University, Tempe, Arizona (USA)."
Top 8%,"Department Sozioökonomie, WU Wirtschaftsuniversität Wien, Wien, Austria."
374,"Department Volkswirtschaft, WU Wirtschaftsuniversität Wien
Wien, Austria"
227,"Department Volkswirtschaftlehre, Universität Bern
Bern, Switzerland"
Top 6%,"Department für Volkswirtschaftslehre, Wirtschaftswissenschaftliche Fakultät, Georg-August-Universität Göttingen, Göttingen, Germany."
Top 10%,"Department of Accounting, Data Analytics, Economics and Finance, La Trobe Business School, La Trobe University, Bundoora, Australia."
Top 8%,"Department of Accounting, Finance and Economics, Griffith Business School, Griffith University, Brisbane, Australia."
Top 10%,"Department of Accounting and Finance, Athens University  of Economics and Business (AUEB), Athens, Greece."
413,"Department of Agricultural, Environmental and Development Economics, Ohio State University
Columbus, Ohio (USA)"
212,"Department of Agricultural, Food and Resource Economics, College of Agriculture and Natural Resources, Michigan State University
East Lansing, Michigan (USA)"
390,"Department of Agricultural & Applied Economics, University  of Wisconsin-Madison
Madison, Wisconsin (USA)"
Top 8%,"Department of Agricultural & Resource Economics, Colorado State University, Fort Collins, Colorado (USA)."
Top 7%,"Department of Agricultural Economics, Kansas State University, Manhattan, Kansas (USA)."
Top 7%,"Department of Agricultural Economics, Oklahoma State University, Stillwater,."
315,"Department of Agricultural Economics, Purdue University
West Lafayette, Indiana (USA)"
Top 10%,"Department of Agricultural Economics, Sociology , and Education, Pennsylvania State University, State College, Pennsylvania (USA)."
393,"Department of Agricultural Economics, Texas A&M University
College Station, Texas (USA)"
Top 9%,"Department of Agricultural Economics, University  of Nebraska, Lincoln, Nebraska (USA)."
Top 6%,"Department of Agricultural and Applied Economics, University  of Georgia, Athens, Georgia (USA)."
Top 7%,"Department of Agricultural and Applied Economics, Virginia Polytechnic Institute and State University  (Virginia Tech), Blacksburg, Virginia (USA)."
353,"Department of Agricultural and Consumer Economics, University  of Illinois at Urbana-Champaign
Urbana-Champaign, Illinois (USA)"
283,"Department of Agricultural and Resource Economics, North Carolina State University
Raleigh, North Carolina (USA)"
136,"Department of Agricultural and Resource Economics, University  of California-Berkeley
Berkeley, California (USA)"
271,"Department of Agricultural and Resource Economics, University  of California-Davis
Davis, California (USA)"
Top 8%,"Department of Agricultural and Resource Economics, University  of Connecticut, Storrs, Connecticut (USA)."
261,"Department of Agricultural and Resource Economics, University  of Maryland
College Park, Maryland (USA)"
332,"Department of Applied Economics, College of Agricultural, Food, and Environmental Sciences, University  of Minnesota-St. Paul
St. Paul, Minnesota (USA)"
Top 7%,"Department of Banking and Finance, Monash Business School, Monash University, Caulfield, Australia Department of Economics, Business School, Macquarie University, Sydney, Australia."
Top 9%,"Department of Banking and Financial Management, University  of Piraeus, Piraeus, Greece."
Top 6%,"Department of Business Economics and Public Policy, Kelley  School of Business, Indiana University, Bloomington, Indiana (USA)."
391,"Department of Business Economics and Public Policy, Ross School of Business, University  of Michigan
Ann Arbor, Michigan (USA)"
Top 9%,"Department of Business Economics and Public Policy, Wharton School of Business, University  of Pennsylvania, Philadelphia, Pennsylvania (USA)."
138,"Department of Commerce, Government of the United States
Washington, District of Columbia (USA)"
271,"Department of Econometrics and Business Statistics, Monash Business School, Monash University
Melbourne, Australia"
194,"Department of Economics, Adam Smith Business School, University  of Glasgow
Glasgow, United Kingdom"
439,"Department of Economics, American University
Washington, District of Columbia (USA)"
138,"Department of Economics, Andrew Young School of Policy  Studies, Georgia State University
Atlanta, Georgia (USA)"
445,"Department of Economics, Appalachian State University
Boone, North Carolina (USA)"
Top 9%,"Department of Economics, Aristotle University  of Thessaloniki, Thessaloniki, Greece."
Top 7%,"Department of Economics, Athens University  of Economics and Business (AUEB),."
Top 7%,"Department of Economics, Auburn University, Auburn, Alabama (USA)."
410,"Department of Economics, Bar Ilan University
Ramat-Gan, Israel"
63,"Department of Economics, Boston College
Chestnut Hill, Massachusetts (USA)"
31,"Department of Economics, Boston University
Boston, Massachusetts (USA)"
446,"Department of Economics, Brigham Young University
Provo, Utah (USA)"
295,"Department of Economics, Business School, Deakin University
Melbourne, Australia"
Top 8%,"Department of Economics, Business School, Durham University, Durham, United Kingdom."
Top 6%,"Department of Economics, Business School, Hong Kong University  of Science and Technology  (HKUST), Kowloon, Hong Kong."
Top 9%,"Department of Economics, Business School, Queen's University, Belfast, United Kingdom."
416,"Department of Economics, Business School, University  of Auckland
Auckland, New Zealand"
387,"Department of Economics, Business School, University  of Exeter
Exeter, United Kingdom"
Top 6%,"Department of Economics, Business School, University  of Western Australia, Perth, Australia."
277,"Department of Economics, Carleton University
Ottawa, Canada"
272,"Department of Economics, Carol Martin Gatton College of Business and Economics, University  of Kentucky
Lexington, Kentucky (USA)"
Top 8%,"Department of Economics, Chinese University  of Hong Kong, Shatin, Hong Kong."
Top 8%,"Department of Economics, Colgate University, Hamilton, New York (USA)."
342,"Department of Economics, College of Business, University  of Wyoming
Laramie, Wyoming (USA)"
Top 10%,"Department of Economics, College of Business Administration, University  of Central Florida, Orlando, Florida (USA)."
Top 7%,"Department of Economics, College of Business and Economics, West Virginia University, Morgantown, West Virginia (USA)."
Top 10%,"Department of Economics, College of Economic and Management Sciences, University  of South Africa (UNISA), Pretoria, South Africa."
Top 7%,"Department of Economics, College of William and Mary, Williamsburg, Virginia (USA)."
Top 7%,"Department of Economics, Colorado State University, Fort Collins, Colorado (USA)."
58,"Department of Economics, Cornell University
Ithaca, New York (USA)"
Top 7%,"Department of Economics, Dalhousie University, Halifax, Canada."
Top 8%,"Department of Economics, Delhi School of Economics, University  of Delhi, Delhi, India."
Top 9%,"Department of Economics, Doshisha University, Kyoto, Japan."
52,"Department of Economics, Duke University
Durham, North Carolina (USA)"
204,"Department of Economics, Emory  University
Atlanta, Georgia (USA)"
279,"Department of Economics, European University  Institute
Firenze, Italy"
191,"Department of Economics, Faculteit Economie en Bedrijfswetenschappen, KU Leuven
Leuven, Belgium"
259,"Department of Economics, Faculty  of Business and Economics, University  of Melbourne
Melbourne, Australia"
384,"Department of Economics, Faculty  of Economics and Management, University  of Cyprus
Nicosia, Cyprus"
398,"Department of Economics, Faculty  of Economic and Management Sciences, University  of Pretoria
Pretoria, South Africa"
Top 7%,"Department of Economics, Faculty  of Economic and Management Sciences, University  of Stellenbosch, Stellenbosch, South Africa."
387,"Department of Economics, Finance and Legal Studies, Culverhouse College of Business, University  of Alabama-Tuscaloosa
Tuscaloosa, Alabama (USA)"
Top 8%,"Department of Economics, Florida International University, Miami, Florida (USA)."
375,"Department of Economics, Florida State University
Tallahassee, Florida (USA)"
154,"Department of Economics, George Washington University
Washington, District of Columbia (USA)"
392,"Department of Economics, Graduate Center, City  University  of New York (CUNY)
New York City, New York (USA)"
Top 9%,"Department of Economics, Hamilton College, Clinton, New York (USA)."
Top 8%,"Department of Economics, Hankamer School of Business, Baylor University, Waco, Texas (USA)."
2,"Department of Economics, Harvard University
Cambridge, Massachusetts (USA)"
Top 7%,"Department of Economics, Haslam College of Business, University  of Tennessee-Knoxville, Knoxville, Tennessee (USA)."
143,"Department of Economics, Hebrew University  of Jerusalem
Jerusalem, Israel"
Top 9%,"Department of Economics, Hunter College, City  University  of New York (CUNY), New York City, New York (USA)."
243,"Department of Economics, Indiana University
Bloomington, Indiana (USA)"
Top 8%,"Department of Economics, Indiana University-Purdue University  (IUPUI), Indianapolis, Indiana (USA)."
249,"Department of Economics, International Business School, Brandeis University
Waltham, Massachusetts (USA)"
190,"Department of Economics, Iowa State University
Ames, Iowa (USA)"
62,"Department of Economics, Johns Hopkins University
Baltimore, Maryland (USA)"
Top 10%,"Department of Economics, Kansas State University, Manhattan, Kansas (USA)."
285,"Department of Economics, Korea University
Seoul, South Korea"
Top 10%,"Department of Economics, Lafayette College, Easton, Pennsylvania (USA)."
350,"Department of Economics, Lerner College of Business and Economics, University  of Delaware
Newark, Delaware (USA)"
218,"Department of Economics, London Business School (LBS)
London, United Kingdom"
350,"Department of Economics, Management School, Lancaster University
Lancaster, United Kingdom"
436,"Department of Economics, Mathematics and Statistics, Birkbeck College
London, United Kingdom"
267,"Department of Economics, Maxwell School, Syracuse University
Syracuse, New York (USA)"
Top 9%,"Department of Economics, Maynooth University, Maynooth, Ireland."
153,"Department of Economics, McGill University
Montréal, Canada"
241,"Department of Economics, McMaster University
Hamilton, Canada"
318,"Department of Economics, Miami Herbert Business School, University  of Miami
Coral Gables, Florida (USA)"
Top 6%,"Department of Economics, Middlebury  College, Middlebury, Vermont (USA)."
149,"Department of Economics, Mitch Daniels School of Business, Purdue University
West Lafayette, Indiana (USA)"
78,"Department of Economics, Monash Business School, Monash University
Melbourne, Australia"
Top 6%,"Department of Economics, National Taiwan University, Taipei, Taiwan."
218,"Department of Economics, National University  of Singapore (NUS)
Singapore, Singapore"
Top 7%,"Department of Economics, New School for Social Research, The New School, New York City, New York (USA) Bruegel, Bruxelles/Brussel, Belgium."
23,"Department of Economics, New York University  (NYU)
New York City, New York (USA)"
Top 10%,"Department of Economics, Northeastern University, Boston, Massachusetts (USA)."
34,"Department of Economics, Northwestern University
Evanston, Illinois (USA)"
140,"Department of Economics, Ohio State University
Columbus, Ohio (USA)"
Top 7%,"Department of Economics, Ourso College of Business, Louisiana State University, Baton Rouge, Louisiana (USA)."
16,"Department of Economics, Oxford University
Oxford, United Kingdom"
117,"Department of Economics, Pennsylvania State University
State College, Pennsylvania (USA)"
Top 6%,"Department of Economics, Poole College of Management, North Carolina State University, Raleigh, North Carolina (USA)."
Top 10%,"Department of Economics, Portland State University, Portland, Oregon (USA)."
12,"Department of Economics, Princeton University
Princeton, New Jersey (USA)"
Top 9%,"Department of Economics, Queens College, City  University  of New York (CUNY), New York City, New York (USA)."
Top 7%,"Department of Economics, Rensselaer Polytechnic Institute, Troy, New York (USA)."
350,"Department of Economics, Rice University
Houston, Texas (USA)"
Top 9%,"Department of Economics, Richard T."
292,"Department of Economics, Royal Holloway
Egham, United Kingdom"
124,"Department of Economics, Rutgers University-New Brunswick
New Brunswick, New Jersey (USA)"
Top 7%,"Department of Economics, Santa Clara University, Santa Clara, California (USA)."
18,"Department of Economics, School of Arts and Sciences, Columbia University
New York City, New York (USA)"
Top 7%,"Department of Economics, School of Business, University  of Otago, Dunedin, New Zealand."
Top 7%,"Department of Economics, School of Business, Virginia Commonwealth University, Richmond, Virginia (USA)."
Top 7%,"Department of Economics, School of Business and Economics, Wilfrid Laurier University, Waterloo, Canada."
200,"Department of Economics, School of Social Sciences, University  of Manchester
Manchester, United Kingdom"
68,"Department of Economics, Sciences économiques, Sciences Po
Paris, France"
216,"Department of Economics, Simon Fraser University
Burnaby, Canada"
340,"Department of Economics, Southern Methodist University
Dallas, Texas (USA)"
Top 8%,"Department of Economics, Spears School of Business, Oklahoma State University, Stillwater, Oklahoma (USA)."
11,"Department of Economics, Stanford University
Stanford, California (USA)"
434,"Department of Economics, State University  of New York-Binghamton (SUNY)
Binghamton, New York (USA)"
Top 8%,"Department of Economics, State University  of New York-Buffalo (SUNY), Buffalo, New York (USA)."
221,"Department of Economics, Stockholm School of Economics
Stockholm, Sweden"
257,"Department of Economics, Sussex Business School, University  of Sussex
Brighton, United Kingdom"
360,"Department of Economics, Tepper School of Business Administration, Carnegie Mellon University
Pittsburgh, Pennsylvania (USA)"
265,"Department of Economics, Terry  College of Business, University  of Georgia
Athens, Georgia (USA)"
183,"Department of Economics, Texas A&M University
College Station, Texas (USA)"
Top 9%,"Department of Economics, Tippie College of Business, University  of Iowa, Iowa City, Iowa (USA)."
Top 9%,"Department of Economics, Toronto Metropolitan University, Toronto, Canada."
281,"Department of Economics, Trinity  College Dublin
Dublin, Ireland"
168,"Department of Economics, Tufts University
Medford, Massachusetts (USA)"
358,"Department of Economics, Tulane University
New Orleans, Louisiana (USA)"
33,"Department of Economics, University  College London (UCL)
London, United Kingdom"
Top 6%,"Department of Economics, University  at Albany, State University  of New York (SUNY), Albany, New York (USA)."
Top 10%,"Department of Economics, University  of Aberdeen, Aberdeen, United Kingdom."
376,"Department of Economics, University  of Alberta
Edmonton, Canada"
Top 8%,"Department of Economics, University  of Bath, Bath, United Kingdom."
239,"Department of Economics, University  of Birmingham
Birmingham, United Kingdom"
234,"Department of Economics, University  of Calgary
Calgary, Canada"
7,"Department of Economics, University  of California-Berkeley
Berkeley, California (USA)"
70,"Department of Economics, University  of California-Irvine
Irvine, California (USA)"
46,"Department of Economics, University  of California-Los Angeles (UCLA)
Los Angeles, California (USA)"
Top 6%,"Department of Economics, University  of California-Merced, Merced, California (USA)."
367,"Department of Economics, University  of California-Riverside
Riverside, California (USA)"
111,"Department of Economics, University  of California-Santa Barbara (UCSB)
Santa Barbara, California (USA)"
37,"Department of Economics, University  of California-San Diego (UCSD)
La Jolla, California (USA)"
9,"Department of Economics, University  of Chicago
Chicago, Illinois (USA)"
121,"Department of Economics, University  of Colorado
Boulder, Colorado (USA)"
242,"Department of Economics, University  of Connecticut
Storrs, Connecticut (USA)"
Top 7%,"Department of Economics, University  of Crete, Rethymnon, Greece."
Top 8%,"Department of Economics, University  of Haifa, Haifa, Israel."
426,"Department of Economics, University  of Hawaii-Manoa
Manoa, Hawaii (USA)"
303,"Department of Economics, University  of Houston
Houston, Texas (USA)"
374,"Department of Economics, University  of Illinois at Chicago
Chicago, Illinois (USA)"
172,"Department of Economics, University  of Illinois at Urbana-Champaign
Urbana-Champaign, Illinois (USA)"
Top 6%,"Department of Economics, University  of Kansas, Lawrence, Kansas (USA)."
Top 9%,"Department of Economics, University  of Macau, Macau, Macao."
Top 7%,"Department of Economics, University  of Macedonia, Thessaloniki, Greece."
90,"Department of Economics, University  of Maryland
College Park, Maryland (USA)"
Top 6%,"Department of Economics, University  of Massachusetts-Amherst, Amherst,Massachusetts (USA)."
95,"Department of Economics, University  of Minnesota
Minneapolis, Minnesota (USA)"
Top 10%,"Department of Economics, University  of Mississippi, University, Mississippi (USA)."
266,"Department of Economics, University  of Missouri
Columbia, Missouri (USA)"
Top 8%,"Department of Economics, University  of Nebraska-Omaha, Omaha, Nebraska (USA)."
Top 8%,"Department of Economics, University  of New Mexico, Albuquerque, New Mexico (USA)."
330,"Department of Economics, University  of North Carolina-Chapel-Hill
Chapel Hill, North Carolina (USA)"
79,"Department of Economics, University  of Notre Dame
South Bend, Indiana (USA)"
Top 9%,"Department of Economics, University  of Oklahoma, Norman, Oklahoma (USA)."
228,"Department of Economics, University  of Oregon
Eugene, Oregon (USA)"
27,"Department of Economics, University  of Pennsylvania
Philadelphia, Pennsylvania (USA)"
Top 8%,"Department of Economics, University  of Piraeus, Piraeus, Greece."
197,"Department of Economics, University  of Pittsburgh
Pittsburgh, Pennsylvania (USA)"
Top 8%,"Department of Economics, University  of Reading, Reading, United Kingdom."
377,"Department of Economics, University  of Sheffield
Sheffield, United Kingdom"
44,"Department of Economics, University  of Southern California
Los Angeles, California (USA)"
Top 10%,"Department of Economics, University  of South Florida, Tampa, Florida (USA)."
89,"Department of Economics, University  of Texas-Austin
Austin, Texas (USA)"
433,"Department of Economics, University  of Texas-Dallas
Dallas, Texas (USA)"
Top 10%,"Department of Economics, University  of Thessaly, Thessaly, Greece."
59,"Department of Economics, University  of Toronto
Toronto, Canada"
422,"Department of Economics, University  of Victoria
Victoria, Canada"
104,"Department of Economics, University  of Virginia
Charlottesville, Virginia (USA)"
60,"Department of Economics, University  of Warwick
Coventry, United Kingdom"
158,"Department of Economics, University  of Washington
Seattle, Washington (USA)"
Top 6%,"Department of Economics, University  of Waterloo, Waterloo, Canada."
103,"Department of Economics, University  of Western Ontario
London, Canada"
87,"Department of Economics, Vanderbilt University
Nashville, Tennessee (USA)"
Top 10%,"Department of Economics, Virginia Polytechnic Institute and State University  (Virginia Tech), Blacksburg, Virginia (USA)."
145,"Department of Economics, W.P. Carey  School of Business, Arizona State University
Tempe, Arizona (USA)"
368,"Department of Economics, Waikato Management School, University  of Waikato
Hamilton, New Zealand"
119,"Department of Economics, Washington University  in St. Louis
St. Louis, Missouri (USA)"
326,"Department of Economics, Wellesley  College
Wellesley, Massachusetts (USA)"
344,"Department of Economics, York University
Toronto, Canada"
Top 6%,"Department of Economics and Business, Central European University, Wien, Austria."
415,"Department of Economics and Finance, Brunel University  London
Uxbridge, United Kingdom"
Top 6%,"Department of Economics and Finance, Business School, University  of Canterbury, Christchurch, New Zealand."
Top 8%,"Department of Economics and Finance, College of Business, City  University, Kowloon, Hong Kong."
383,"Department of Economics and Finance, Gordon Lang School of Business and Economics, University  of Guelph
Guelph, Canada"
Top 7%,"Department of Economics and Finance, Jon M Huntsman School of Business, Utah State University, Logan, Utah (USA)."
Top 9%,"Department of Economics and Finance, Southern Illinois University, Edwardsville, Illinois (USA)."
105,"Department of Economics and Related Studies, University  of York
York, United Kingdom"
Top 7%,"Department of Economic History, London School of Economics (LSE), London, United Kingdom."
Top 9%,"Department of Economic and Regional Development, Panteion University  of Social and Political Sciences, Athens, Greece."
Top 8%,"Department of Environmental Economics and Management, Hebrew University  of Jerusalem, Rehovot, Israel."
Top 9%,"Department of Finance, Business School, Hong Kong University  of Science and Technology  (HKUST), Kowloon, Hong Kong."
370,"Department of Finance, College of Business, University  of Illinois at Urbana-Champaign
Urbana-Champaign, Illinois (USA)"
Top 9%,"Department of Finance, College of Business Administration, University  of Illinois at Chicago, Chicago, Illinois (USA)."
433,"Department of Finance, David Eccles School of Business, University  of Utah
Salt Lake City, Utah (USA)"
Top 10%,"Department of Finance, Faculty  of Business Administration, Chinese University  of Hong Kong, Shatin, Hong Kong."
Top 10%,"Department of Finance, Faculté de droit, d'économie et de finance, Université du Luxembourg, Luxembourg, Luxembourg."
213,"Department of Finance, Fisher College of Business, Ohio State University
Columbus, Ohio (USA)"
Top 8%,"Department of Finance, Graduate School of Business, DePaul University, Chicago, Illinois (USA)."
382,"Department of Finance, Investment and Banking, School of Business, University  of Wisconsin-Madison
Madison, Wisconsin (USA)"
Top 6%,"Department of Finance, Kelley  School of Business, Indiana University, Bloomington, Indiana (USA)."
149,"Department of Finance, Kellogg Graduate School of Management, Northwestern University
Evanston, Illinois (USA)"
360,"Department of Finance, McCombs School of Business, University  of Texas-Austin
Austin, Texas (USA)"
Top 10%,"Department of Finance, Mendoza College of Business, University  of Notre Dame, South Bend, Indiana (USA)."
Top 9%,"Department of Finance, Questrom School of Business, Boston University, Boston,."
Top 7%,"Department of Finance, Rotterdam School of Management (RSM Erasmus University), Erasmus Universiteit Rotterdam, Rotterdam, Netherlands."
368,"Department of Finance, Stockholm School of Economics
Stockholm, Sweden"
171,"Department of Finance and Business Economics, Marshall School of Business, University  of Southern California
Los Angeles, California (USA)"
Top 8%,"Department of Finance and Business Economics, Michael G."
Top 10%,"Department of Finance and Economics, Business, Rutgers University-Newark, Newark, New Jersey (USA)."
163,"Department of Geography  and Environment, London School of Economics (LSE)
London, United Kingdom"
454,"Department of Global Health and Population, Harvard T. H. Chan School of Public Health, Harvard University
Cambridge, Massachusetts (USA)"
Top 7%,"Department of Health Policy  and Management, Mailman School of Public Health, Columbia University, New York City, New York (USA)."
389,"Department of International Development (Queen Elizabeth House), Oxford University
Oxford, United Kingdom"
Top 6%,"Department of International and European Economic Studies, Athens University  of Economics and Business (AUEB), Athens, Greece."
Top 9%,"Department of Labor, Government of the United States, Washington, District of Columbia (USA)."
405,"Department of Land Economy, University  of Cambridge
Cambridge, United Kingdom"
356,"Department of Management, London School of Economics (LSE)
London, United Kingdom"
178,"Department of Management, Technology  and Economics (D-MTEC), Eidgenössische Technische Hochschule Zürich (ETHZ)
Zürich, Switzerland"
Top 7%,"Department of Markets, Public Policy  and Law, Questrom School of Business, Boston University, Boston, Massachusetts (USA)."
Top 9%,"Department of Operations Research and Financial Engineering (ORFE), Princeton University, Princeton, New Jersey (USA)."
Top 6%,"Department of Political Economy, King's College London, London, United Kingdom."
Top 10%,"Department of Real Estate, National University  of Singapore (NUS), Singapore, Singapore."
Top 8%,"Department of Resource Economics and Environmental Sociology  (REES), University  of Alberta, Edmonton, Canada."
Top 9%,"Department of Risk Management and Insurance, J."
Top 6%,"Department of Social Policy, London School of Economics (LSE), London, United."
Top 6%,"Department of Social and Decision Sciences, Carnegie Mellon University, Pittsburgh, Pennsylvania (USA)."
Top 10%,"Department of Statistics and Operations Research, Fakultät für Wirtschaftswissenschaften, Universität Wien, Wien, Austria."
Top 8%,"Department of Urban Studies and Planning, Massachusetts Institute of Technology  (MIT), Cambridge, Massachusetts (USA)."
Top 6%,"Department of the Treasury, Government of the United States, Washington, District of Columbia (USA)."
Top 10%,"Desautels Faculty  of Management, McGill University, Montréal, Canada."
131,"Deutsche Bundesbank
Frankfurt, Germany"
Top 9%,"Development Economics Research Group - DERG, Økonomisk Institut, Københavns Universitet, København, Denmark."
146,"Dipartimenti e Istituti di Scienze Economiche, Università Cattolica del Sacro Cuore
Milano/Piacenza, Italy"
Top 7%,"Dipartimento di Analisi delle Politiche e Management Pubblico, Università Commerciale Luigi Bocconi, Milano, Italy."
258,"Dipartimento di Economia, Management e Metodi Quantitativi (DEMM), Università degli Studi di Milano
Milano, Italy"
356,"Dipartimento di Economia, Metodi Quantitativi e Strategie d'Impresa (DEMS) , Scuola di Economia e Statistica, Università degli Studi di Milano-Bicocca
Milano, Italy"
Top 7%,"Dipartimento di Economia, Scuola de Economia e Studi Aziendali, Università degli Studi Roma Tre, Roma, Italy."
Top 9%,"Dipartimento di Economia, Società e Politica, Facoltà di Economia, Università degli Studi di Urbino, Urbino, Italy Dipartimento di Economia, Università degli Studi di Perugia, Perugia, Italy."
246,"Dipartimento di Economia, Università Ca' Foscari Venezia
Venezia, Italy"
Top 6%,"Dipartimento di Economia """"Marco Biagi"""", Università degli Studi di Modena e Reggio Emilia, Modena, Italy."
180,"Dipartimento di Economia ""Ettore Bocconi"", Università Commerciale Luigi Bocconi
Milano, Italy"
Top 8%,"Dipartimento di Economia Politica e Statistica, Facoltà di Economia """"Richard M."
342,"Dipartimento di Economia e Diritto, Facoltà di Economia, ""Sapienza"" Università di Roma
Roma, Italy"
384,"Dipartimento di Economia e Finanza, Dipartimenti e Istituti di Scienze Economiche, Università Cattolica del Sacro Cuore
Milano, Italy"
Top 10%,"Dipartimento di Economia e Finanza, Facoltà di Economia, Università degli Studi di Bari """"Aldo Moro"""", Bari, Italy."
215,"Dipartimento di Economia e Finanza, Facoltà di Economia, Università degli Studi di Roma ""Tor Vergata""
Roma, Italy"
255,"Dipartimento di Economia e Finanza (DEF), Libera Università Internazionale degli Studi Sociali Guido Carli (LUISS)
Roma, Italy"
Top 9%,"Dipartimento di Economia e Impresa, Università degli Studi di Catania, Catania, Italy."
Top 7%,"Dipartimento di Economia e Management, Università degli Studi di Brescia, Brescia, Italy."
Top 9%,"Dipartimento di Economia e Management, Università degli Studi di Pisa, Pisa, Italy."
Top 6%,"Dipartimento di Economia e Management, Università degli Studi di Trento, Trento, Italy."
257,"Dipartimento di Economia e Statistica ""Cognetti de Martiis"", Università degli Studi di Torino
Torino, Italy"
286,"Dipartimento di Finanza, Università Commerciale Luigi Bocconi
Milano, Italy"
Top 10%,"Dipartimento di Management, Università Ca' Foscari Venezia, Venezia, Italy."
413,"Dipartimento di Politica Economica, Dipartimenti e Istituti di Scienze Economiche, Università Cattolica del Sacro Cuore
Milano, Italy"
330,"Dipartimento di Scienze per l'Economia e l'Impresa, Scuola di Economia e Management, Università degli Studi di Firenze
Firenze, Italy"
78,"Dipartimento di Scienze Economiche, Alma Mater Studiorum - Università di Bologna
Bologna, Italy"
Top 8%,"Dipartimento di Scienze Economiche, Aziendali e Statistiche, Università degli Studi di Palermo, Palermo, Italy."
Top 10%,"Dipartimento di Scienze Economiche, Dipartimento di Economia e Management, Università degli Studi di Brescia, Brescia, Italy."
Top 8%,"Dipartimento di Scienze Economiche, Statistiche e Finanziarie """"Giovanni Anania"""", Università degli Studi della Calabria, Arcavacata di Rende, Italy."
Top 6%,"Dipartimento di Scienze Economiche, Università degli Studi di Bergamo, Bergamo, Italy."
Top 6%,"Dipartimento di Scienze Economiche, Università degli Studi di Verona, Verona, Italy."
Top 8%,"Dipartimento di Scienze Economiche e Aziendali, Università degli Studi di Pavia, Pavia, Italy."
250,"Dipartimento di Scienze Economiche e Aziendali ""Marco Fanno"", Università degli Studi di Padova
Padova, Italy"
406,"Dipartimento di Scienze Economiche e Sociali, Facoltà di Economia ""Giorgio Fuà"", Università Politecnica delle Marche
Ancona, Italy"
Top 8%,"Dipartimento di Scienze Economiche e Statistiche (DISES), Università degli Studi di Salerno, Fisciano, Italy."
370,"Dipartimento di Scienze Economico-Sociali e Matematico-Statistiche, Università degli Studi di Torino
Torino, Italy"
Top 10%,"Dipartimento di Scienze Politiche e Sociali, Università degli Studi di Pavia, Pavia, Italy."
Top 7%,"Dipartimento di Scienze Sociali ed Economiche, """"Sapienza"""" Università di Roma, Roma, Italy."
Top 8%,"Dipartimento di Scienze Statistiche """"Paolo Fortunati"""", Alma Mater Studiorum - Università di Bologna, Bologna, Italy."
Top 10%,"Dipartimento di Scienze delle Decisioni, Università Commerciale Luigi Bocconi, Milano, Italy."
Top 10%,"Dipartimento di Statistica, Informatica, Applicazioni """"G."
Top 6%,"Directorate-General Economic and Financial Affairs (ECFIN), European Commission, 
Bruxelles/Brussel, Belgium."
418,"Directorate for Employment, Labour and Social Affairs (ELS) , Organisation de Coopération et de Développement Économiques (OCDE)
Paris, France"
Top 8%,"Directorate for Science, Technology  and Industry  (DSTI), Organisation de Coopération et de Développement Économiques (OCDE), Paris, France."
Top 9%,"Disciplinegroep Economische Geografie, Faculteit Ruimtelijke Wetenschappen, Universiteit Utrecht, Utrecht, Netherlands."
Top 10%,"Discipline of Finance, Business School, University  of Sydney, Sydney, Australia."
431,"Division of Economics, Nanyang Technological University
Singapore, Singapore"
314,"Division of Economics, Seoul National University
Seoul, South Korea"
Top 9%,"Division of Economics and Business, Colorado School of Mines, Golden, Colorado (USA)."
185,"Division of Social Sciences, California Institute of Technology
Pasadena, California (USA)"
Top 7%,"Département Comptabilité, Droit, Finance et Économie, Groupe EDHEC (École de Hautes Études Commerciales du Nord), Lille/Paris, France."
Top 6%,Département ECOSOCIO - Économie et Sciences Sociales.
Top 9%,"Département d'Économie, ESSEC Business School, Cergy-Pontoise, France."
305,"Département d'Économie, Université d'Ottawa
Ottawa, Canada"
Top 10%,"Département d'Économie Appliquée (DULBEA), Solvay  Brussels School of Economics and Management, Université Libre de Bruxelles, Bruxelles, Belgium."
414,"Département d'Économie et de Management, Faculté de droit, d'économie et de finance, Université du Luxembourg
Luxembourg, Luxembourg"
Top 6%,"Département d'Économique, Université Laval, Québec, Canada."
370,"Département des Sciences Économiques, École des Sciences de la Gestion (ESG), Université du Québec à Montréal (UQAM)
Montréal, Canada"
348,"Département de Sciences Économiques, Université de Montréal
Montréal, Canada"
Top 7%,"Département de Sciences Économiques et de Gestion, Université Paris-Panthéon-Assas, Paris, France."
224,"Départment d'économétrie et d'économie politique (DEEP), Faculté des Hautes Études Commerciales
 (HEC), Université de Lausanne
Lausanne, Switzerland"
253,"Départment Économie et Sciences de la Décision, HEC Paris (École des Hautes Études Commerciales)
Jouy-en-Josas, France"
368,"Düsseldorf Institute for Competition Economics (DICE), Wirtschaftswissenschaftliche Fakultät, Heinriche-Heine-Universität Düsseldorf
Düsseldorf, Germany"
302,"EPGE Escola Brasileira de Economia e Finanças, Fundação Getúlio Vargas (FGV)
Rio de Janeiro, Brazil"
384,"ESRC Centre for the Microeconomic Analysis of Public Policy  (CPP), Institute for Fiscal Studies (IFS)
London, United Kingdom"
427,"ESSEC Business School
Cergy-Pontoise, France"
311,"Econometrisch Instituut, Faculteit der Economische Wetenschappen, Erasmus Universiteit Rotterdam
Rotterdam, Netherlands"
286,"EconomiX, Université Paris-Nanterre (Paris X)
Nanterre, France"
Top 7%,"Economics, Ashoka University, Sonepat, India."
211,"Economics, New York University  Abu Dhabi
Abu Dhabi, United Arab Emirates"
Top 10%,"Economics Area, Fuqua School of Business, Duke University, Durham, North Carolina (USA)."
Top 9%,"Economics Department, Amherst College, Amherst, Massachusetts (USA)."
Top 10%,"Economics Department, Barnard College, Columbia University, New York City, New York (USA)."
Top 6%,"Economics Department, Ben Gurion University  of the Negev, Beer-Sheva, Israel."
24,"Economics Department, Brown University
Providence, Rhode Island (USA)"
Top 8%,"Economics Department, Bryan School of Business and Economics, University  of North Carolina-Greensboro, Greensboro, North Carolina (USA)."
Top 8%,"Economics Department, College of Business, University  of Nevada-Reno, Reno, Nevada (USA)."
Top 10%,"Economics Department, College of Business Administration, University  of Nebraska, Lincoln, Nebraska (USA)."
Top 7%,"Economics Department, Darla Moore School of Business, University  of South Carolina, Columbia, South Carolina (USA)."
40,"Economics Department, Dartmouth College
Hanover, New Hampshire (USA)"
178,"Economics Department, Eller College of Management, University  of Arizona
Tucson, Arizona (USA)"
Top 10%,"Economics Department, Fordham University, New York City, New York (USA)."
106,"Economics Department, Georgetown University
Washington, District of Columbia (USA)"
210,"Economics Department, George Mason University
Fairfax, Virginia (USA)"
34,"Economics Department, London School of Economics (LSE)
London, United Kingdom"
4,"Economics Department, Massachusetts Institute of Technology  (MIT)
Cambridge, Massachusetts (USA)"
61,"Economics Department, Michigan State University
East Lansing, Michigan (USA)"
194,"Economics Department, Organisation de Coopération et de Développement Économiques (OCDE)
Paris, France"
110,"Economics Department, Queen's University
Kingston, Canada"
Top 7%,"Economics Department, Robins School of Business, University  of Richmond, Richmond, Virginia (USA)."
122,"Economics Department, Stern School of Business, New York University  (NYU)
New York City, New York (USA)"
449,"Economics Department, Stony  Brook University  - SUNY
Stony Brook, New York (USA)"
Top 9%,"Economics Department, Temple University, Philadelphia, Pennsylvania (USA)."
64,"Economics Department, University  of California-Davis
Davis, California (USA)"
127,"Economics Department, University  of California-Santa Cruz (UCSC)
Santa Cruz, California (USA)"
Top 10%,"Economics Department, University  of Colorado Denver, Denver, Colorado (USA)."
244,"Economics Department, University  of Essex
Colchester, United Kingdom"
Top 7%,"Economics Department, University  of Florida, Gainesville, Florida (USA)."
Top 8%,"Economics Department, University  of Maryland-Baltimore County, Baltimore, Maryland (USA)."
38,"Economics Department, University  of Michigan
Ann Arbor, Michigan (USA)"
236,"Economics Department, University  of Rochester
Rochester, New York (USA)"
321,"Economics Department, University  of Strathclyde
Glasgow, United Kingdom"
440,"Economics Department, University  of Wisconsin
Milwaukee, Wisconsin (USA)"
49,"Economics Department, University  of Wisconsin-Madison
Madison, Wisconsin (USA)"
Top 10%,"Economics Department, Vassar College, Poughkeepsie, New York (USA)."
170,"Economics Department, Williams College
Williamstown, Massachusetts (USA)"
13,"Economics Department, Yale University
New Haven, Connecticut (USA)"
356,"Economics Discipline Group, Business School, University  of Technology  Sydney
Sydney, Australia"
Top 8%,"Economics Division, Stirling Management School, University  of Stirling, Stirling, United Kingdom."
Top 6%,"Economics Division, University  of Southampton, Southampton, United Kingdom."
Top 6%,"Economics Group, Business School, Loughborough University, Loughborough, United Kingdom."
247,"Economics Group, Nuffield College, Department of Economics, Oxford University
Oxford, United Kingdom"
23,"Economics Research, World Bank Group
Washington, District of Columbia (USA)"
Top 9%,"Economics Subject Group, Business School, Newcastle University, Newcastle upon Tyne, United Kingdom."
Top 10%,"Economics and Finance Group, Portsmouth Business School, University  of Portsmouth, Portsmouth, United Kingdom."
307,"Economic Analysis & Policy  Group (EAP), Walter A. Haas School of Business, University  of California- Berkeley
Berkeley, California (USA)"
257,"Economic Growth Center, Economics Department, Yale University
New Haven, Connecticut (USA)"
309,"Economic Research, Federal Reserve Bank of Boston
Boston, Massachusetts (USA)"
251,"Economic Research, Federal Reserve Bank of Cleveland
Cleveland, Ohio (USA)"
Top 6%,"Economic Research, Federal Reserve Bank of Kansas City, Kansas City, Missouri (USA)."
125,"Economic Research, Federal Reserve Bank of San Francisco
San Francisco, California (USA)"
253,"Economic Research Department, Federal Reserve Bank of Atlanta
Atlanta, Georgia (USA)"
266,"Economic Research Department, Federal Reserve Bank of Chicago
Chicago, Illinois (USA)"
230,"Economic Research Department, Federal Reserve Bank of Dallas
Dallas, Texas (USA)"
265,"Economic Research Division, Federal Reserve Bank of Richmond
Richmond, Virginia (USA)"
Top 6%,"Economic Research Forum (ERF), Cairo, Egypt."
196,"Economic Research Service, Department of Agriculture, Government of the United States
Washington, District of Columbia (USA)"
269,"Economic Science Institute (ESI), Argy  ros College of Business and Economics, Chapman University
Orange, California (USA)"
78,"Economic Studies, Brookings Institution
Washington, District of Columbia (USA)"
398,"Economic and Political Sciences Area, INSEAD
Fontainebleau, France"
380,"Economic and Social Research Institute (ESRI)
Dublin, Ireland"
122,"Eitan Berglas School of Economics, Tel Aviv University
Tel Aviv, Israel"
Top 7%,"Ekonomihögskolan, Linnéuniversitet, Kalmar/Växjö, Sweden."
177,"Ekonomihögskolan, Lunds Universitet
Lund, Sweden"
Top 9%,"Ekonomi Grubu, Sabancı Üniversitesi, İstanbul, Turkey."
Top 10%,"Ekonomska fakuteta, Univerza v Ljubljani, Ljubljana, Slovenia."
167,"Eller College of Management, University  of Arizona
Tucson, Arizona (USA)"
Top 10%,"Elliott School of International Affairs, George Washington University, Washington, District of Columbia (USA)."
Top 7%,"Energy  Policy  Research Group, Judge Business School, University  of Cambridge, Cambridge, United Kingdom."
Top 7%,"Energy  Studies Institute, National University  of Singapore (NUS), Singapore, Singapore."
Top 10%,"Environment Directorate, Organisation de Coopération et de Développement Économiques (OCDE), Paris, France."
Top 10%,"Erasmus School of Health Policy  & Management, Erasmus Universiteit Rotterdam, Rotterdam, Netherlands."
342,"Escola de Economia de São Paulo (EESP), Fundação Getúlio Vargas (FGV)
São Paulo, Brazil"
Top 6%,"Escola de Economia e Gestão, Universidade do Minho, Braga, Portugal."
Top 10%,"Escuela de Economía y  Finanzas, Universidad EAFIT, Medellín, Colombia."
Top 9%,"Escuela de Gobierno, Universidad Torcuato Di Tella, Buenos Aires, Argentina."
Top 7%,"Escuela de Negocios, Universidad Adolfo Ibáñez, Santiago, Chile."
444,"Essex Business School, University  of Essex
Colchester, United Kingdom"
Top 8%,"European Bank for Reconstruction and Development (EBRD), London, United Kingdom."
15,"European Central Bank
Frankfurt am Main, Germany"
131,"European Centre for Advanced Research in Economics and Statistics (ECARES), Solvay  Brussels School of Economics and Management, Université Libre de Bruxelles
Bruxelles, Belgium"
Top 9%,"European Institute, London School of Economics (LSE), London, United Kingdom."
Top 6%,"Europe International Business School, Shanghai, China."
Top 7%,"Experimental Economics Center, Department of Economics, Andrew Young School of Policy  Studies, Georgia State University, Atlanta, Georgia (USA)."
452,"Fachbereich Volkswirtschaftslehre, Universität Hamburg
Hamburg, Germany"
347,"Fachbereich Wirtschaftswissenschaft, Freie Universität Berlin
Berlin, Germany"
141,"Fachbereich Wirtschaftswissenschaft, Goethe Universität Frankfurt am Main
Frankfurt am Main, Germany"
Top 9%,"Fachbereich Wirtschaftswissenschaften, Justus-Liebig-Universität Gießen, Gießen, Germany Economics Department, Clark University, Worcester, Massachusetts (USA)."
Top 9%,"Fachbereich Wirtschaftswissenschaften, Philipps-Universität Marburg, Marburg, Germany."
Top 9%,"Fachbereich Wirtschaftswissenschaften, Universität Duisburg-Essen, Essen, Germany."
Top 9%,"Fachbereich Wirtschaftswissenschaften, Universität Kassel, Kassel, Germany."
272,"Fachbereich Wirtschaftswissenschaften, Universität Konstanz
Konstanz, Germany"
Top 10%,"Fachbereich für Wirtschaftswissenschaften, Universität Paderborn, Paderborn, Germany."
209,"Facoltà di Economia, ""Sapienza"" Università di Roma
Roma, Italy"
Top 8%,"Facoltà di Economia, Università degli Studi di Bari """"Aldo Moro"""", Bari, Italy."
165,"Facoltà di Economia, Università degli Studi di Roma ""Tor Vergata""
Roma, Italy"
Top 8%,"Facoltà di Economia, Università degli Studi di Urbino, Urbino, Italy."
324,"Facoltà di Economia ""Giorgio Fuà"", Università Politecnica delle Marche
Ancona, Italy"
Top 6%,"Facoltà di Economia / Wirtschaftswissenschaftliche Fakutät, Libera Università di Bolzano / Freie Universität Bozen, Bozen-Bolzano, Italy."
Top 6%,"Facoltá di scienze economiche, Universitá della Svizzera Italiana (USI), Lugano,."
Top 9%,"Faculdade de Ciências Económicas e Empresariais, Universidade Católica Portuguesa, Lisboa, Portugal."
Top 10%,"Faculdade de Economia, Administração, Contabilidade e Ciência da Informação e Documentação (FACE), Universidade de Brasília, Brasília, Brazil."
Top 6%,"Faculdade de Economia, Administração e Contabilidade, Universidade de São Paulo, São Paulo, Brazil."
Top 6%,"Faculdade de Economia, Universidade do Coimbra, Coimbra, Portugal."
453,"Facultade de Ciencias Económicas e Empresariais, Universidade de Santiago de Compostela
Santiago de Compostela, Spain"
Top 7%,"Facultade de Ciencias Económicas e Empresariais, Universidade de Vigo, Vigo, Spain."
Top 10%,"Facultad de Ciencias Económicas, Empresariales y  Turismo, Universidad de Alcalá de Henares, Alcalá de Henares, Spain Escuela de Negocios, Universidad Torcuato Di Tella, Buenos Aires, Argentina."
Top 7%,"Facultad de Ciencias Económicas, Universidad Nacional de La Plata, La Plata, Argentina."
Top 8%,"Facultad de Ciencias Económicas, Universidad de Buenos Aires, Buenos Aires, Argentina."
Top 7%,"Facultad de Ciencias Económicas y  Empresariales, Universidad Autónoma de Madrid, Madrid, Spain."
288,"Facultad de Ciencias Económicas y  Empresariales, Universidad Complutense de Madrid
Madrid, Spain"
437,"Facultad de Ciencias Económicas y  Empresariales, Universidad de Alicante
Alicante, Spain"
Top 8%,"Facultad de Ciencias Económicas y  Empresariales, Universidad de Granada, Granada, Spain."
Top 8%,"Facultad de Ciencias Económicas y  Empresariales, Universidad de Málaga, Málaga, Spain."
Top 7%,"Facultad de Ciencias Económicas y  Empresariales, Universidad de Navarra, Pamplona, Spain."
Top 10%,"Facultad de Ciencias Económicas y  Empresariales, Universidad de los Andes (Chile), Santiago/Las Condes, Chile."
Top 9%,"Facultad de Ciencias Económicas y  de la Administración, Universidad de la República, Montevideo, Uruguay."
331,"Facultad de Ciencia Económicas y  Administrativas, Pontificia Universidad Católica de Chile
Santiago, Chile"
298,"Facultad de Economía, Universidad de València
València, Spain"
361,"Facultad de Economía, Universidad de los Andes (Colombia)
Bogotá, Colombia"
333,"Facultad de Economía y  Empresa, Universidad del País Vasco - Euskal Herriko Unibertsitatea
Bilbao, Spain"
Top 9%,"Facultad de Economía y  Empresa, Universidad de Murcia, Murcia, Spain."
Top 8%,"Facultad de Economía y  Empresa, Universidad de Oviedo, Oviedo, Spain."
313,"Facultad de Economía y  Empresa, Universidad de Zaragoza
Zaragoza, Spain"
201,"Facultad de Economía y  Negocios, Universidad de Chile
Santiago, Chile"
Top 8%,"Facultat de Ciències Econòmiques i Empresarials, Universitat Rovira I Virgili Tarragona, Reus, Spain."
Top 10%,"Facultat de Ciències Econòmiques i Empresarials, Universitat de Girona, Girona, Spain."
Top 7%,"Facultat de Ciències Econòmiques i Empresarials, Universitat de les Illes Balears, Palma de Mallorca, Spain."
67,"Faculteit Economie en Bedrijfskunde, Rijksuniversiteit Groningen
Groningen, Netherlands"
207,"Faculteit Economie en Bedrijfskunde, Universiteit Gent
Gent, Belgium"
102,"Faculteit Economie en Bedrijfskunde, Universiteit van Amsterdam
Amsterdam, Netherlands"
68,"Faculteit Economie en Bedrijfswetenschappen, KU Leuven
Leuven, Belgium"
99,"Faculteit der Economische Wetenschappen, Erasmus Universiteit Rotterdam
Rotterdam, Netherlands"
Top 10%,"Faculty  of Agribusiness and Commerce, Lincoln University, Canterbury, New Zealand."
Top 8%,"Faculty  of Business, Economics and Law, Auckland University  of Technology, Auckland, New Zealand."
Top 10%,"Faculty  of Business Administration, Chinese University  of Hong Kong, Shatin, Hong Kong."
Top 8%,"Faculty  of Business Administration, University  of Macau, Macau, Macao."
Top 10%,"Faculty  of Business and Commerce, Keio University, Tokyo, Japan."
Top 9%,"Faculty  of Business and Economics, United Arab Emirates University, Al-Ain, United Arab Emirates."
Top 9%,"Faculty  of Business and Economics, Universiti Malaya, Kuala Lumpur, Malaysia."
195,"Faculty  of Business and Economics, University  of Hong Kong
Pokfulam, Hong Kong"
118,"Faculty  of Business and Economics, University  of Melbourne
Melbourne, Australia"
412,"Faculty  of Business and Law, Curtin University
Perth, Australia"
Top 10%,"Faculty  of Commerce, Law and Management, University  of the Witwatersrand, Johannesburg, South Africa Fletcher School of Law and Diplomacy, Tufts University, Medford, Massachusetts (USA)."
Top 6%,"Faculty  of Commerce, University  of Cape Town, Cape Town, South Africa."
Top 9%,"Faculty  of Commerce, Waseda University, Tokyo, Japan."
357,"Faculty  of Economics, Keio University
Tokyo, Japan"
Top 9%,"Faculty  of Economics, Kobe University, Kobe, Japan."
Top 8%,"Faculty  of Economics, National Research University  Higher School of Economics (HSE), Moscow, Russia."
83,"Faculty  of Economics, University  of Cambridge
Cambridge, United Kingdom"
203,"Faculty  of Economics, University  of Tokyo
Tokyo, Japan"
343,"Faculty  of Economics and Management, University  of Cyprus
Nicosia, Cyprus"
397,"Faculty  of Economic and Management Sciences, University  of Pretoria
Pretoria, South Africa"
Top 7%,"Faculty  of Economic and Management Sciences, University  of Stellenbosch, Stellenbosch, South Africa."
Top 6%,"Faculty  of Finance, Bayes Business School, City  St George's, London, United Kingdom."
Top 6%,"Faculty  of Political Science and Economics, Waseda University, Tokyo, Japan."
163,"Faculté des Hautes Études Commerciales (HEC), Université de Lausanne
Lausanne, Switzerland"
Top 10%,"Faculté des Sciences Économiques et de Gestion, Université de Tunis El Manar, Tunis, Tunisia."
Top 9%,"Faculté des sciences économiques, sociales et des territoires, Université de Lille, Lille, France."
Top 7%,"Faculté des sciences économiques et sociales - Wirtschafts- und Sozialwissenschaftliche Fakultät, Université de Fribourg - Universität Freiburg, Fribourg/Freiburg, Switzerland."
369,"Faculté de droit, d'économie et de gestion, Université d'Orléans
Orléans, France"
291,"Faculté de droit, d'économie et de finance, Université du Luxembourg
Luxembourg, Luxembourg"
Top 6%,"Faculté de sciences économiques, Université de Montpellier, Montpellier, France."
Top 7%,"Faculté Économie, Management, Communication, Sciences Po, Université de Namur, Namur, Belgium."
432,"Fakultet for Økonomi, Norges teknisk-naturvitenskaplige universitet (NTNU)
Trondheim, Norway"
Top 7%,"Fakultät Wirtschafts- und Sozialwissenschaften, Universität Hohenheim, Hohenheim, Germany."
Top 8%,"Fakultät Wirtschaftswissenschaften, Leuphana Universität Lüneburg, Lüneburg, Germany."
Top 10%,"Fakultät Wirtschaftswissenschaften, Technische Universität Dresden, Dresden, Germany."
Top 9%,"Fakultät Wirtschaftswissenschaften, Wirtschaftsinformatik und Wirtschaftsrecht, Universität Siegen, Siegen, Germany."
400,"Fakultät für Volkswirtschaft und Statistik, Leopold-Franzens-Universität Innsbruck
Innsbruck, Austria"
373,"Fakultät für Wirtschafts- und Sozialwissenschaften, Ruprecht-Karls-Universität Heidelberg
Heidelberg, Germany"
Top 8%,"Fakultät für Wirtschaftswissenschaft, Otto-von-Guericke-Universität Magdeburg, Magdeburg, Germany."
Top 7%,"Fakultät für Wirtschaftswissenschaft, Ruhr-Universität Bochum, Bochum, Germany."
Top 10%,"Fakultät für Wirtschaftswissenschaften, Rheinisch-Westfälische Technische Hochschule Aachen, Aachen, Germany."
Top 8%,"Fakultät für Wirtschaftswissenschaften, Technische Universität München, München, Germany."
Top 8%,"Fakultät für Wirtschaftswissenschaften, Universität Augsburg, Augsburg, Germany."
Top 9%,"Fakultät für Wirtschaftswissenschaften, Universität Bielefeld, Bielefeld, Germany."
Top 10%,"Fakultät für Wirtschaftswissenschaften, Universität Passau, Passau, Germany."
166,"Fakultät für Wirtschaftswissenschaften, Universität Wien
Wien, Austria"
312,"Fanhai International School of Finance, Fudan University
Shanghai, China"
Top 9%,"Farmer School of Business, Miami University, Oxford, Ohio (USA)."
171,"Federal Reserve Bank of Atlanta
Atlanta, Georgia (USA)"
164,"Federal Reserve Bank of Boston
Boston, Massachusetts (USA)"
86,"Federal Reserve Bank of Chicago
Chicago, Illinois (USA)"
157,"Federal Reserve Bank of Cleveland
Cleveland, Ohio (USA)"
108,"Federal Reserve Bank of Dallas
Dallas, Texas (USA)"
360,"Federal Reserve Bank of Kansas City
Kansas City, Missouri (USA)"
71,"Federal Reserve Bank of Minneapolis
Minneapolis, Minnesota (USA)"
30,"Federal Reserve Bank of New York
New York City, New York (USA)"
161,"Federal Reserve Bank of Philadelphia
Philadelphia, Pennsylvania (USA)"
182,"Federal Reserve Bank of Richmond
Richmond, Virginia (USA)"
92,"Federal Reserve Bank of San Francisco
San Francisco, California (USA)"
76,"Federal Reserve Bank of St. Louis
St. Louis, Missouri (USA)"
20,"Federal Reserve Board (Board of Governors of the Federal Reserve System)
Washington, District of Columbia (USA)"
Top 6%,"Finance, Rotman School of Management, University  of Toronto, Toronto, Canada."
232,"Finance Area, Fuqua School of Business, Duke University
Durham, North Carolina (USA)"
287,"Finance Department, London School of Economics (LSE)
London, United Kingdom"
340,"Finance Department, Robert H. Smith School of Business, University  of Maryland
College Park, Maryland (USA)"
105,"Finance Department, Stern School of Business, New York University  (NYU)
New York City, New York (USA)"
443,"Finance Department, Wallace E. Carroll School of Management, Boston College
Chestnut Hill, Massachusetts (USA)"
114,"Finance Department, Wharton School of Business, University  of Pennsylvania
Philadelphia, Pennsylvania (USA)"
Top 8%,"Finance Discipline Group, Business School, University  of Technology  Sydney, Sydney, Australia."
311,"Finance Group, Anderson Graduate School of Management, University  of California-Los Angeles (UCLA)
Los Angeles, California (USA)"
Top 7%,"Finance Group, Faculteit Economie en Bedrijfskunde, Universiteit van Amsterdam, Amsterdam, Netherlands."
Top 7%,"Finance Group, Walter A. Haas School of Business, University  of California-Berkeley, Berkeley, California (USA)."
Top 7%,"Finance Group, Warwick Business School, University  of Warwick, Coventry, United Kingdom."
208,"Finance Unit, Harvard Business School, Harvard University
Cambridge, Massachusetts (USA)"
55,"Finance and Economics Department, Graduate School of Business, Columbia University
New York City, New York (USA)"
392,"Financial Markets Group (FMG), London School of Economics (LSE)
London, United Kingdom"
139,"Fisher College of Business, Ohio State University
Columbus, Ohio (USA)"
Top 7%,"Florida Atlantic University, Boca Raton, Florida (USA)."
Top 7%,"Foerder Institute for Economic Research, Eitan Berglas School of Economics, Tel Aviv University, Tel Aviv, Israel."
Top 9%,"Food and Resource Economics Department, University  of Florida, Gainesville, Florida (USA)."
Top 7%,"Forschungsbasierte Infrastruktureinrichtung """"Sozio-oekonomisches Panel (SOEP) """", DIW Berlin (Deutsches Institut für Wirtschaftsforschung), Berlin, Germany."
Top 10%,"Forum for Macroeconomics and Macroeconomic Policies, Hans Böckler Stiftung, Düsseldorf, Germany."
Top 8%,"Foster School of Business, University  of Washington, Seattle, Washington (USA)."
Top 6%,"Fox School of Business and Management, Temple University, Philadelphia, Pennsylvania (USA)."
339,"Frankfurt School of Finance and Management
Frankfurt, Germany"
385,"Frank Batten School of Leadership and Public Policy, University  of Virginia
Charlottesville, Virginia (USA)"
Top 6%,"Freeman Spogli Institute for International Studies, Stanford University, Stanford,."
174,"Fuqua School of Business, Duke University
Durham, North Carolina (USA)"
Top 8%,"Fächergruppe Volkswirtschaftslehre, Helmut Schmidt Universität Hamburg, Hamburg, Germany."
Top 8%,"Gabelli School of Business, Fordham University, New York City, New York (USA)."
Top 6%,"Gaidar Institute for Economic Policy, Moscow, Russia."
Top 9%,"Gallen, Sankt Gallen, Switzerland."
Top 10%,"Geneva Finance Research Institute (GFRI), Université de Genève, Genève, Switzerland."
311,"Geneva School of Economics and Management, Université de Genève
Genève, Switzerland"
Top 6%,"Gerald R. Ford School of Public Policy, University  of Michigan, Ann Arbor, Michigan (USA)."
Top 7%,"Global Economy  and Development Program, Brookings Institution, Washington, District of Columbia (USA)."
Top 8%,"Global Labor Organization (GLO), Essen, Germany."
Top 7%,"Goldman School of Public Policy, University  of California-Berkeley, Berkeley, California (USA)."
Top 8%,"Goodwin"""", Università degli Studi di Siena, Siena, Italy."
Top 7%,"Goodwin"""", Università degli Studi di Siena, Siena, Italy."
354,"Gordon Lang School of Business and Economics, University  of Guelph
Guelph, Canada"
35,"Graduate School of Business, Columbia University
New York City, New York (USA)"
Top 7%,"Graduate School of Business, DePaul University, Chicago, Illinois (USA)."
14,"Graduate School of Business, Stanford University
Stanford, California (USA)"
Top 8%,"Graduate School of Business and Economics (GSBE), School of Business and Economics, Maastricht University, Maastricht, Netherlands."
Top 10%,"Graduate School of Business and Finance, Faculty  of Commerce, Waseda University, Tokyo, Japan."
Top 7%,"Graduate School of Economics, Kyoto University, Kyoto, Japan."
Top 9%,"Graduate School of Economics, Osaka University, Osaka, Japan."
Top 7%,"Graduate School of Economics/Faculty  of Economics, Hitotsubashi University, Tokyo,."
260,"Graduate School of Economics and Management, Université Paris-Saclay
Saint-Aubin, France"
406,"Graduate School of Management, University  of California-Davis
Davis, California (USA)"
455,"Griffith Business School, Griffith University
Brisbane, Australia"
Top 7%,"Griswold Center for Economic Policy  Studies, Department of Economics, Princeton University, Princeton, New Jersey (USA)."
418,"Groningen Growth and Development Centre (GGDC), Faculteit Economie en Bedrijfskunde, Rijksuniversiteit Groningen
Groningen, Netherlands"
Top 6%,"Groupe EDHEC (École de Hautes Études Commerciales du Nord), Lille/Paris, France 

"
351,"Groupe d'Analyse et de Théorie Économique Lyon St-Étienne (GATE Lyon St-Étienne), Université de Lyon
Lyon, France"
362,"Groupe de REcherche en Droit, Économie, Gestion (GREDEG), École Universitaire de Recherche d'Économie et de Management (ELMI), Université Côte d'Azur
Nice, France"
Top 7%,"Groupe de Recherche en Économie Mathématique et Quantitative (GREMAQ), Toulouse School of Economics (TSE), Toulouse, France."
Top 8%,"Grup d'Anàlisi Quantitativa Regional, Institut de Recerca en Economia Aplicada (IREA), School of Economics, Universitat de Barcelona, Barcelona, Spain."
Top 10%,"Grupo de Análisis para el Desarrollo (GRADE), Lima, Peru."
299,"Guanghua School of Management, Peking University
Beijing, China"
Top 8%,"Gutenberg School of Management and Economics, Johannes Gutenberg-Universität Mainz, Mainz, Germany."
328,"H. John Heinz III School of Public Policy  and Management, Carnegie Mellon University
Pittsburgh, Pennsylvania (USA)"
251,"HEC Montréal (École des Hautes Études Commerciales)
Montréal, Canada"
135,"HEC Paris (École des Hautes Études Commerciales)
Jouy-en-Josas, France"
Top 10%,"HEC École de Gestion, Université de Liège, Liège, Belgium."
Top 10%,"HM Treasury, Government of the United Kingdom, London, United Kingdom."
Top 9%,"HSBC Business School, Peking University, Shenzhen, China."
217,"Handelshögskolan, Göteborgs Universitet
Göteborg, Sweden"
Top 8%,"Handelshögskolan, Örebro Universitet, Örebro, Sweden."
Top 6%,"Handelshøgskolen, Universitetet i Stavanger, Stavanger, Norway."
Top 10%,"Handelshøyskolen, OsloMet- storbyuniversitetet, Oslo, Norway."
Top 7%,"Hankamer School of Business, Baylor University, Waco, Texas (USA)."
Top 7%,"Hans Böckler Stiftung, Düsseldorf, Germany."
80,"Harris School of Public Policy, University  of Chicago
Chicago, Illinois (USA)"
66,"Harvard Business School, Harvard University
Cambridge, Massachusetts (USA)"
Top 9%,"Harvard Institute of Economic Research (HIER), Department of Economics, Harvard University, Cambridge, Massachusetts (USA)."
17,"Harvard Kennedy  School, Harvard University
Cambridge, Massachusetts (USA)"
399,"Haslam College of Business, University  of Tennessee-Knoxville
Knoxville, Tennessee (USA)"
383,"Henley  Business School, University  of Reading
Reading, United Kingdom"
Top 8%,"Hertie School, Berlin, Germany."
Top 8%,"Historical Economics and Development Group (HEDG), Institut for Økonomi, Syddansk Universitet, Odense, Denmark."
53,"Hoover Institution on War Revolution & Peace
Stanford, California (USA)"
Top 7%,"ICMA Centre for Financial Markets, Henley  Business School, University  of Reading, Reading, United Kingdom."
Top 8%,"IESEG School of Management, Université Catholique de Lille, Lille, France."
289,"IESE Business School, Universidad de Navarra
Barcelona, Spain"
Top 10%,"IMT Lucca Institute for Advanced Studies, Lucca, Italy."
Top 7%,"INET Oxford, Oxford Martin School, Oxford University, Oxford, United Kingdom."
231,"INSEAD
Fontainebleau, France"
Top 9%,"Indian Institute of Management Bodh Gaya (IIMBG), Gaya, India."
Top 8%,"Indian Statistical Institute, New Delhi, India."
Top 10%,"Indira Gandhi Institute of Development Research (IGIDR), Mumbai, India."
95,"Innocenzo Gasparini Institute for Economic Research (IGIER), Università Commerciale Luigi Bocconi
Milano, Italy"
Top 6%,"Institutet för Arbetsmarknads- och Utbildningspolitisk Utvärdering (IFAU), Arbetsmarknadsdepartementet, Government of Sweden, Uppsala, Sweden."
186,"Institutet för Näringslivsforskning (IFN)
Stockholm, Sweden"
320,"Institutet för Social Forskning (SOFI), Stockholms Universitet
Stockholm, Sweden"
Top 6%,"Institute for Advanced Study  in Toulouse (IAST), Toulouse School of Economics (TSE), Toulouse, France."
Top 8%,"Institute for Economic Development, Department of Economics, Boston University, Boston, Massachusetts (USA)."
191,"Institute for Fiscal Studies (IFS)
London, United Kingdom"
Top 10%,"Institute for International Economic Policy  (IIEP), Elliott School of International Affairs, George Washington University, Washington, District of Columbia (USA)."
189,"Institute for International Economic Studies (IIES), Stockholms Universitet
Stockholm, Sweden"
401,"Institute for Policy  Research (IPR), Northwestern University
Evanston, Illinois (USA)"
Top 7%,"Institute for Quantitative Social Science, Harvard University, Cambridge, Massachusetts (USA)."
Top 8%,"Institute for Social Research (ISR), University  of Michigan, Ann Arbor, Michigan (USA)."
Top 6%,"Institute for Social and Economic Research (ISER), University  of Essex, Colchester, United Kingdom."
Top 7%,"Institute of Developing Economies, Japan External Trade Organization (JETRO), Government of Japan, CHiba, Japan."
Top 9%,"Institute of Development Studies, University  of Sussex, Brighton, United Kingdom."
442,"Institute of Economics, Academia Sinica
Taipei, Taiwan"
Top 9%,"Institute of Economic Research, Hitotsubashi University, Tokyo, Japan."
Top 6%,"Institute of Economic Research, Kyoto University, Kyoto, Japan."
25,"Institute of Labor Economics (IZA)
Bonn, Germany"
Top 10%,"Institute of Social Science, University  of Tokyo, Tokyo, Japan."
Top 8%,"Institute of Social and Economic Research (ISER), Osaka University, Osaka, Japan."
Top 7%,"Institute of Transport and Logistics Studies (ITLS), Business School, University  of Sydney, Sydney, Australia."
281,"Institutionen för Nationalekonomi med Statistik, Handelshögskolan, Göteborgs Universitet
Göteborg, Sweden"
Top 8%,"Institutionen för Nationalekonomi och Statistik, Ekonomihögskolan, Linnéuniversitet, Kalmar/Växjö, Sweden."
Top 6%,"Instituto Complutense de Analisis Economico (ICAE), Facultad de Ciencias Económicas y  Empresariales, Universidad Complutense de Madrid, Madrid, Spain."
Top 9%,"Instituto Interdisciplinario de Economía Política de Buenos Aires (IIEP) UBA-CONICET, Facultad de Ciencias Económicas, Universidad de."
223,"Instituto Superior de Economia e Gestão (ISEG) , Universidade de Lisboa
Lisboa, Portugal"
Top 10%,"Instituto de Economía, Facultad de Ciencias Económicas y  de la Administración, Universidad de la República, Montevideo, Uruguay."
418,"Instituto de Economía, Facultad de Ciencia Económicas y  Administrativas, Pontificia Universidad Católica de Chile
Santiago, Chile"
Top 7%,"Institutt for Finans, BI Handelshøyskolen, Oslo, Norway."
362,"Institutt for Samfunnsøkonomi, BI Handelshøyskolen
Oslo, Norway"
Top 6%,"Institutt for Samfunnsøkonomi, Fakultet for Økonomi, Norges teknisk-naturvitenskaplige universitet (NTNU), Trondheim, Norway."
Top 6%,"Institutt for foretaksøkonomi, Norges Handelshøyskole (NHH), Bergen, Norway."
189,"Institutt for samfunnsøkonomi, Norges Handelshøyskole (NHH)
Bergen, Norway"
Top 7%,"Institutt for Økonomi, Universitetet i Bergen, Bergen, Norway."
247,"Institutul National de Cercetari Economice ""Costin C. Kiritescu"" (INCE), Academia Romana
Bucureşti, Romania"
Top 8%,"Institut National de la Statistique et des Études Économiques (INSEE), Government of France, Paris, France."
222,"Institut d'Anàlisi Econòmica CSIC (IAE-CSIC), Barcelona School of Economics (BSE)
Barcelona, Spain"
Top 9%,"Institut d'Economia de Barcelona (IEB), School of Economics, Universitat de Barcelona, Barcelona, Spain."
Top 7%,"Institut d'Économie Appliquée, HEC Montréal (École des Hautes Études Commerciales), Montréal, Canada."
125,"Institut d'Économie Industrielle (IDEI), Toulouse School of Economics (TSE)
Toulouse, France"
Top 10%,"Institut d'Économie et de Management de Nantes (IAE), Université de Nantes, Nantes, France."
Top 9%,"Institut de Banque et Finance (IBF), Faculté des Hautes Études Commerciales (HEC), Université de Lausanne, Lausanne, Switzerland."
Top 7%,"Institut de Finance de Strasbourg, Université de Strasbourg, Strasbourg, France."
Top 7%,"Institut de Préparation à l'Administration et à la Gestion (IPAG), Paris, France."
Top 6%,"Institut de Recerca en Economia Aplicada (IREA), School of Economics, Universitat de Barcelona, Barcelona, Spain."
410,"Institut de Recherche Économique et Sociale (IRES) , Louvain Institute of Data Analysis and Modelling in Economics and Statistics (LIDAM) , Université Catholique de Louvain
Louvain-la-Neuve, Belgium"
233,"Institut ekonomickjch studií, Univerzita Karlova v Praze
Praha, Czech Republic"
Top 7%,"Institut for Finansiering, Copenhagen Business School, København, Denmark."
Top 8%,"Institut for Fødevare- og Ressourceøkonomi, Københavns Universitet, København, Denmark."
Top 9%,"Institut for Teknologi, Ledelse og Økonomi, Danmarks Tekniske Universitet, Lyngby, Denmark."
85,"Institut for Økonomi, Aarhus Universitet
Aarhus, Denmark"
Top 6%,"Institut for Økonomi, Syddansk Universitet, Odense, Denmark."
Top 10%,"Institut for Økonomi og Ledelse, Aalborg Universitet, Aalborg, Denmark."
Top 8%,"Institut für Agrarökonomie, Georg-August-Universität Göttingen, Göttingen, Germany."
293,"Institut für Arbeitsmarkt- und Berufsforschung (IAB)
Nürnberg, Germany"
Top 6%,"Institut für Banking und Finance (Institut für Schweizerisches Bankwesen), Wirtschaftswissenschaftliche Fakutält, Universität Zürich, Zürich, Switzerland."
Top 8%,"Institut für Betriebswirtschaftslehre, Wirtschaftswissenschaftliche Fakutält, Universität Zürich, Zürich, Switzerland."
Top 7%,"Institut für Höhere Studien (IHS), Wien, Austria."
Top 10%,"Institut für Makroökonomie, Department Volkswirtschaft, WU Wirtschaftsuniversität Wien, Wien, Austria."
Top 9%,"Institut für Stochastik und Wirtschaftsmathematik, Technische Universität Wien, Wien, Austria."
Top 9%,"Institut für Volkswirtschaftlehre einschließlich Ökonometrie, Wirtschaftswissenschaftliche Fakultät, Universität Regensburg, Regensburg, Germany."
Top 8%,"Institut für Volkswirtschaftslehre, Carl von Ossietzky  Universität Oldenburg, Oldenburg, Germany."
394,"Institut für Volkswirtschaftslehre, Christian-Albrechts-Universität Kiel
Kiel, Germany"
Top 9%,"Institut für Volkswirtschaftslehre, Fakultät Wirtschafts- und Sozialwissenschaften, Universität Hohenheim, Hohenheim, Germany""."
Top 10%,"Institut für Volkswirtschaftslehre, Fakultät Wirtschaftswissenschaften, Leuphana Universität Lüneburg, Lüneburg, Germany."
306,"Institut für Volkswirtschaftslehre, Fakultät für Wirtschaftswissenschaften, Universität Wien
Wien, Austria"
297,"Institut für Volkswirtschaftslehre, Johannes-Kepler-Universität Linz
Linz, Austria"
Top 10%,"Institut für Volkswirtschaftslehre, Social- und Wirtschaftswissenschaftliche Fakultät, Karl-Franzens-Universität Graz, Graz, Austria."
54,"Institut für Volkswirtschaftslehre, Wirtschaftswissenschaftliche Fakutält, Universität Zürich
Zürich, Switzerland"
Top 8%,"Institut für Wirtschaftstheorie, -politik und -geschichte, Fakultät für Volkswirtschaft und Statistik, Leopold-Franzens-Universität Innsbruck, Innsbruck, Austria."
132,"Inter-American Development Bank
Washington, District of Columbia (USA)"
284,"International Bank for Reconstruction & Development (IBRD), World Bank Group
Washington, District of Columbia (USA)"
Top 7%,"International Center for Public Policy, Department of Economics, Andrew Young School of Policy  Studies, Georgia State University, Atlanta, Georgia (USA)."
384,"International Economics Department, School of Advanced International Studies, Johns Hopkins University
Washington, District of Columbia (USA)"
Top 10%,"International Economics Section, Department of Economics, Princeton University, Princeton, New Jersey (USA)."
221,"International Economics Section, The Graduate Institute of International and Development Studies
Genève, Switzerland"
Top 8%,"International Finance Corporation (IFC), World Bank Group, Washington, District of Columbia (USA)."
54,"International Food Policy  Research Institute (IFPRI)
Washington, District of Columbia (USA)"
Top 10%,"International Inequalities Institute, London School of Economics (LSE), London, United Kingdom."
Top 9%,"International Institute for Applied Systems Analysis (IIASA), Laxenburg, Austria."
Top 6%,"International Institute for Management (IMD), Lausanne, Switzerland."
8,"International Monetary  Fund (IMF)
Washington, District of Columbia (USA)"
155,"Istituto Einaudi per l'Economia e la Finanza (EIEF)
Roma, Italy"
Top 8%,"Istituto di Economia Politica (IdEP), Facoltá di scienze economiche, Universitá della Svizzera Italiana (USI), Lugano, Switzerland."
Top 8%,"Ivey  School of Business, University  of Western Ontario, London, Canada."
Top 7%,"Janeiro, Brazil Department of Economics, City  St George's, London, United Kingdom."
Top 7%,"Japan School of Economics, Zhejiang University, Hangzhou, China."
Top 7%,"Japan External Trade Organization (JETRO), Government of Japan, Tokyo, Japan."
264,"Jeb E. Brooks School of Public Policy, Cornell University
Ithaca, New York (USA)"
284,"Johnson Graduate School of Management, Cornell University
Ithaca, New York (USA)"
226,"John E. Walker Department of Economics, Wilbur O. and Ann Powers College of Business, Clemson University
Clemson, South Carolina (USA)"
Top 10%,"John M. Olin Center for Law, Economics, and Business, Harvard School of Law, Harvard University, Cambridge, Massachusetts (USA) Abdul Latif Jameel Poverty  Action Lab (J-PAL), Massachusetts Institute of Technology  (MIT), Cambridge, Massachusetts (USA) Department of Economics, Concordia University, Montréal, Canada."
125,"Joint Research Centre, European Commission
Sevilla, Spain"
Top 7%,"Joint Research Centre, European Commission, Ispra, Italy."
Top 6%,"Jon M. Huntsman School of Business, Utah State University, Logan, Utah (USA)."
198,"Judge Business School, University  of Cambridge
Cambridge, United Kingdom"
Top 6%,"J Mack Robinson College of Business, Georgia State University, Atlanta, Georgia (USA)."
Top 6%,"KOF Swiss Economic Institute, Department of Management, Technology  and Economics (D-MTEC), Eidgenössische Technische Hochschule Zürich (ETHZ), Zürich, Switzerland."
Top 9%,"Katedra Badań Operacyjnych i Inteligencji Biznesowej, Politechnika Wrocławska, Wrocław, Poland."
Top 8%,"Katz Graduate School of Business, University  of Pittsburgh, Pittsburgh, Pennsylvania (USA)."
365,"Kauppakorkeakoulu, Aalto-yliopisto
Helsinki, Finland"
Top 9%,"Kauppakorkeakoulu, Jyväskylän yliopisto, Jyväskylä, Finland."
268,"Kelley  School of Business, Indiana University
Bloomington, Indiana (USA)"
51,"Kellogg Graduate School of Management, Northwestern University
Evanston, Illinois (USA)"
Top 6%,"Kenan Flagler Business School, University  of North Carolina-Chapel-Hill, Chapel Hill, North Carolina (USA)."
193,"Kiel Institut für Weltwirtschaft - Leibniz Zentrum zur Erforschung globaler ökonomischer Herausforderungen (IfW)
Kiel, Germany"
Top 6%,"Kingdom Finance Division, Sauder School of Business, University  of British Columbia, Vancouver, Canada."
Top 10%,"Knowledge, Internationalization and Technology  Studies (KITeS/CESPRI), Università Commerciale Luigi Bocconi, Milano, Italy."
Top 6%,"Közgazdaság-tudományi Intézet, Közgazdaság- és Regionális Tudományi Kutatóközpont, Budapest, Hungary."
Top 6%,"Közgazdaság- és Regionális Tudományi Kutatóközpont, Budapest, Hungary."
Top 9%,"Laboratoire d'Économie Appliquée de Grenoble, Grenoble, France."
370,"Laboratoire d'Économie d'Orléans (LEO), Faculté de droit, d'économie et de gestion, Université d'Orléans
Orléans, France"
339,"Laboratoire d'Économie de Dauphine (LEDa), Université Paris-Dauphine (Paris IX)
Paris, France"
Top 10%,"Laboratoire d'Économie et de Management de Nantes-Atlantique (LEMNA), Institut d'Économie et de Management de Nantes (IAE), Université de Nantes, Nantes, France."
Top 7%,"Laboratoire de Recherche en Gestion (LaRGE), Institut de Finance de Strasbourg, Université de Strasbourg, Strasbourg, France."
Top 10%,"Laboratoire Études et Recherches Économiques (SMART), Département ECOSOCIO - Économie et Sciences Sociales pour l'Agriculture, l'Alimentation et l'Environnement (SAE2), Institut National de Recherche pour l'Agriculture, l'Alimentation et l'Environnement (INRAE), Rennes/Nantes, France."
307,"Laboratory  of Economics and Management (LEM), Scuola Superiore Sant'Anna
Pisa, Italy"
Top 9%,"La Trobe Business School, La Trobe University, Bundoora, Australia."
274,"LeBow College of Business, Drexel University
Philadelphia, Pennsylvania (USA)"
Top 6%,"Lebanon School of Economics, Finance and Marketing, RMIT University, Melbourne, Australia."
Top 6%,"Leeds University  Business School (LUBS), University  of Leeds, Leeds, United Kingdom."
Top 8%,"Leerstoelgroep Ontwikkelingseconomie, Sectie Economie, Wageningen Universiteit en Researchcentrum, Wageningen, Netherlands."
Top 10%,"Leibniz-Institut für Agrarentwicklung in Transformationsökonomien (IAMO), Halle, Germany."
Top 8%,"Leibniz-Institut für Finanzmarktforschung SAFE (Sustainable Architecture for Finance in Europe), Frankfurt am Main, Germany."
378,"Leibniz-Institut für Wirtschaftsforschung Halle (IWH)
Halle, Germany"
191,"Leibniz-Zentrum für Europäische Wirtschaftsforschung (ZEW)
Mannheim, Germany"
173,"Leonard D. Schaeffer Center for Health Policy  and Economics, University  of Southern California
Los Angeles, California (USA)"
334,"Lerner College of Business and Economics, University  of Delaware
Newark, Delaware (USA)"
304,"Lille Économie et Management (LEM)
Lille, France"
77,"London Business School (LBS)
London, United Kingdom"
3,"London School of Economics (LSE)
London, United Kingdom"
72,"Louvain Institute of Data Analysis and Modelling in Economics and Statistics (LIDAM), Université Catholique de Louvain
Louvain-la-Neuve, Belgium"
Top 7%,"Luskin School of Public Affairs, University of California-Los Angeles (UCLA), Los Angeles, California (USA)."
424,"Luxembourg Institute of Socio-Economic Research (LISER, CEPS/INSTEAD)
Esch-sur-Alzette, Luxembourg"
Top 9%,"Mack Robinson College of Business, Georgia State University, Atlanta, Georgia (USA)."
Top 8%,"Macroeconomic and Quantitative Studies Section, Federal Reserve Board (Board of Governors of the Federal Reserve System), Washington, District of Columbia (USA)."
Top 8%,"Management Department, Wharton School of Business, University  of Pennsylvania, Philadelphia, Pennsylvania (USA)."
278,"Management School, Lancaster University
Lancaster, United Kingdom"
Top 6%,"Management School, University  of Liverpool, Liverpool, United Kingdom."
Top 10%,"Management School, University  of Sheffield, Sheffield, United Kingdom."
377,"Managerial Economics and Decision Sciences (MEDS) , Kellogg Graduate School of Management, Northwestern University
Evanston, Illinois (USA)"
Top 10%,"Manchester Institute of Innovation Research (MIoIR), Alliance Manchester Business School, University  of Manchester, Manchester, United Kingdom."
Top 8%,"Marriott School of Business, Brigham Young University, Provo, Utah (USA)."
149,"Marshall School of Business, University  of Southern California
Los Angeles, California (USA)"
Top 9%,"Massachusetts (USA) Fundación de Estudios de Economía Aplicada (FEDEA), Madrid, Spain."
Top 9%,"Max-Planck-Institut für Innovation und Wettbewerb, Max-Planck-Gesellschaft, München, Germany."
Top 9%,"Max-Planck-Institut für Steuerrecht und öffentliche Finanzen, Max-Planck-Gesellschaft, München, Germany."
Top 10%,"Max-Planck-Institut für Ökonomik, Max-Planck-Gesellschaft, Jena, Germany."
364,"Max-Planck-Institut zur Erforschung von Gemeinschaftsgütern, Max-Planck-Gesellschaft
Bonn, Germany"
Top 9%,"Mays Business School, Texas A&M University, College Station, Texas (USA)."
310,"McCombs School of Business, University  of Texas-Austin
Austin, Texas (USA)"
337,"McCourt School of Public Policy, Georgetown University
Washington, District of Columbia (USA)"
Top 6%,"McDonough School of Business, Georgetown University, Washington, District of Columbia (USA)."
Top 8%,"Melbourne Business School, University  of Melbourne, Melbourne, Australia."
312,"Melbourne Institute of Applied Economic and Social Research (MIAESR), Faculty  of Business and Economics, University  of Melbourne
Melbourne, Australia"
Top 10%,"Mendoza College of Business, University  of Notre Dame, South Bend, Indiana (USA)."
252,"Miami Herbert Business School, University  of Miami
Coral Gables, Florida (USA)"
346,"Michael G. Foster School of Business, University  of Washington
Seattle, Washington (USA)"
95,"Mitch Daniels School of Business, Purdue University
West Lafayette, Indiana (USA)"
28,"Monash Business School, Monash University
Melbourne, Australia"
Top 8%,"Monetary  Policy  Committee (MPC), Bank of England, London, United Kingdom."
Top 6%,"Montpellier Business School, Montpellier, France."
387,"Mossavar-Rahmani Center for Business and Government, Harvard Kennedy  School, Harvard University
Cambridge, Massachusetts (USA)"
248,"Motu: Economic & Public Policy  Research
Wellington, New Zealand"
Top 10%,"Munk School of Global Affairs and Public Policy, University  of Toronto, Toronto, Canada."
Top 9%,"NORC, University  of Chicago, Chicago, Illinois (USA)."
223,"Nationalekonomiska Institutionen, Ekonomihögskolan, Lunds Universitet
Lund, Sweden"
225,"Nationalekonomiska Institutionen, Uppsala Universitet
Uppsala, Sweden"
270,"Nationalekonomiska institutionen, Stockholms Universitet
Stockholm, Sweden"
318,"Nationale Bank van België/Banque national de Belqique (BNB)
Bruxelles/Brussel, Belgium"
1,"National Bureau of Economic Research (NBER)
Cambridge, Massachusetts (USA)"
296,"National Graduate Institute for Policy  Studies (GRIPS)
Tokyo, Japan"
Top 6%,"National Institute of Economic and Social Research (NIESR), London, United Kingdom."
Top 8%,"Nationalökonomisk Institut, Institut for Økonomi, Aarhus Universitet, Aarhus, Denmark."
Top 6%,"Naveen Jindal School of Management, University  of Texas-Dallas, Dallas, Texas (USA) China."
Top 10%,"Neoma Business School, Rouen/Reims, France."
Top 10%,"Network for Studies on Pensions, Aging and Retirement (NetSPAR), Tilburg, Netherlands."
417,"New Economic School (NES)
Moscow, Russia"
Top 6%,"Norges Bank, Oslo, Norway."
114,"Norges Handelshøyskole (NHH)
Bergen, Norway"
Top 7%,"Nottingham Centre for Research on Globalisation and Economic Policy, School of Economics, University  of Nottingham, Nottingham, United Kingdom."
Top 8%,"Národohospodářská Fakulta, Vysoká Škola Ekonomická v Praze, Praha, Czech Republic."
Top 9%,"Núcleo de Investigação em Políticas Económicas e Empresariais (NIPE), Escola de Economia e Gestão, Universidade do Minho, Braga, Portugal."
409,"Oesterreichische Nationalbank
Wien, Austria"
Top 8%,"Office of Financial Research, Department of the Treasury, Government of the United States, Washington, District of Columbia (USA)."
Top 7%,"Oklahoma (USA) IE Business School, Universidad IE, Madrid, Spain."
116,"Olin School of Business, Washington University  in St. Louis
St. Louis, Missouri (USA)"
Top 7%,"Onderzoekseenheid Bedrijfseconomie, Strategie en Innovatie, Faculteit Economie en Bedrijfswetenschappen, KU Leuven, Leuven, Belgium."
Top 7%,"Opportunity  and Inclusive Growth Institute, Federal Reserve Bank of Minneapolis, Minneapolis, Minnesota (USA)."
57,"Organisation de Coopération et de Développement Économiques (OCDE)
Paris, France"
Top 9%,"Osaka School of International Public Policy  (OSIPP), Osaka University, Osaka, Japan."
Top 7%,"Ourso College of Business, Louisiana State University, Baton Rouge, Louisiana (USA)."
Top 9%,"Owen Graduate School of Management, Vanderbilt University, Nashville, Tennessee (USA)."
Top 9%,"Oxford Centre for the Analysis of Resource-Rich Economies (OxCarre), Department of Economics, Oxford University, Oxford, United Kingdom."
443,"PBC School of Finance, Tsinghua University
Beijing, China"
Top 8%,"Pakistan Institute of Development Economics (PIDE), Islamabad, Pakistan."
Top 10%,"Parenti"""", Scuola di Economia e Management, Università degli Studi di Firenze, Firenze, Italy."
Top 9%,"Paris, France Laboratoire d'Économie Dionysien (LED), Université Paris-Saint-Denis (Paris VIII), Saint-Denis, France."
Top 8%,"Paris-Saclay  Applied Economics, Graduate School of Economics and Management, Université Paris-Saclay, Palaiseau, France."
10,"Paris School of Economics
Paris, France"
Top 7%,"Paul Merage School of Business, University  of California-Irvine, Irvine, California (USA)."
Top 9%,"Penn Institute for Economic Research, Department of Economics, University  of Pennsylvania, Philadelphia, Pennsylvania (USA)."
Top 9%,"Pension Research Council, Wharton School of Business, University  of Pennsylvania, Philadelphia, Pennsylvania (USA)."
94,"Peter G. Peterson Institute for International Economics (IIE)
Washington, District of Columbia (USA)"
Top 8%,"Politiikan ja Talouden Tutkimuksen Laitos, Valtiotieteellinen tiedekunta, Helsingin Yliopisto, Helsinki, Finland."
459,"Poole College of Management, North Carolina State University
Raleigh, North Carolina (USA)"
Top 8%,"Portsmouth Business School, University  of Portsmouth, Portsmouth, United Kingdom."
Top 10%,"Poverty  and Equity  Global Practice, World Bank Group, Washington, District of Columbia (USA)."
Top 9%,"Public Policy  Department, Luskin School of Public Affairs, University  of California-Los Angeles (UCLA), Los Angeles, California (USA)."
256,"Questrom School of Business, Boston University
Boston, Massachusetts (USA)"
Top 6%,"RAND, Santa Monica, California (USA)."
382,"RWI - Leibniz-Institut für Wirtschaftsforschung
Essen, Germany"
269,"Rady  School of Management, University  of California-San Diego (UCSD)
La Jolla, California (USA)"
223,"Real Estate Department, Wharton School of Business, University  of Pennsylvania
Philadelphia, Pennsylvania (USA)"
Top 6%,"Rechts- und Wirtschaftswissenschaftliche Fakultät, Universität Bayreuth, Bayreuth, Germany."
Top 8%,"Researchcentrum voor Onderwijs en Arbeidsmarkt (ROA), Maastricht University, Maastricht, Netherlands."
141,"Research Department, Federal Reserve Bank of Minneapolis
Minneapolis, Minnesota (USA)"
213,"Research Department, Federal Reserve Bank of Philadelphia
Philadelphia, Pennsylvania (USA)"
123,"Research Department, International Monetary  Fund (IMF)
Washington, District of Columbia (USA)"
85,"Research Division, Federal Reserve Bank of St. Louis
St. Louis, Missouri (USA)"
408,"Research Institute for Economics and Business Administration (RIEB), Kobe University
Kobe, Japan"
Top 8%,"Research Institute of Economics and Management, Southwestern University  of Finance and Economics (SWUFE), Chengdu, China."
451,"Research Institute of Economy, Trade and Industry  (RIETI)
Tokyo, Japan"
142,"Research School of Economics, College of Business and Economics, Australian National University
Canberra, Australia"
48,"Research and Statistics Group, Federal Reserve Bank of New York
New York City, New York (USA)"
391,"Research in Economics and Mathematics (REM), Instituto Superior de Economia e Gestão (ISEG), Universidade de Lisboa
Lisboa, Portugal"
Top 10%,"Reserve Bank of Australia, Sydney, Australia."
187,"Resources for the Future (RFF)
Washington, District of Columbia (USA)"
Top 9%,"Richard T. Farmer School of Business, Miami University, Oxford, Ohio (USA)."
Top 10%,"Rimini Centre for Economic Analysis (RCEA), Rimini, Italy."
Top 10%,"Risk and Sustainable Management Group (RSMG), School of Economics, University  of Queensland, Brisbane, Australia."
403,"Robert D. Burch Center for Tax Policy  and Public Finance, Department of Economics, University  of California-Berkeley
Berkeley, California (USA)"
Top 6%,"Robert Day  School of Economics and Finance, Claremont McKenna College, Claremont, California (USA)."
295,"Robert H. Smith School of Business, University  of Maryland
College Park, Maryland (USA)"
Top 7%,"Robert M. La Follette School of Public Affairs, University  of Wisconsin-Madison, Madison, Wisconsin (USA)."
238,"Robert Schuman Centre for Advanced Studies (RSCAS) , European University  Institute
Firenze, Italy"
Top 7%,"Robins School of Business, University  of Richmond, Richmond, Virginia (USA)."
205,"Ross School of Business, University  of Michigan
Ann Arbor, Michigan (USA)"
123,"Rotman School of Management, University  of Toronto
Toronto, Canada"
Top 6%,"Rotterdam School of Management (RSM Erasmus University), Erasmus Universiteit Rotterdam, Rotterdam, Netherlands."
Top 6%,"Russian Presidential Academy  of National Economy  and Public Administration (RANEPA), Moscow, Russia."
Top 8%,"Réseaux Innovation Territoires Mondialisation (RITM), Graduate School of Economics and Management, Université Paris-Saclay, Sceaux, France."
199,"SKEMA Business School
Lille, France"
Top 9%,"SOM Research Institute, Faculteit Economie en Bedrijfskunde, Rijksuniversiteit Groningen, Groningen, Netherlands."
Top 10%,"Saint Petersburg Branch, School of Economics and Management, National Research University  Higher School of Economics (HSE), St. Petersburg, Russia."
Top 6%,"Sanford School of Public Policy, Duke University, Durham, North Carolina (USA)."
148,"Sauder School of Business, University  of British Columbia
Vancouver, Canada"
224,"Saïd Business School, Oxford University
Oxford, United Kingdom"
Top 6%,"Schar School of Policy  and Government, George Mason University, Arlington, Virginia (USA)."
402,"Scheller College of Business, Georgia Institute of Technology
Atlanta, Georgia (USA)"
Top 10%,"School of Accounting, Economics and Finance, Faculty of Business and Law, Curtin University, Perth, Australia."
Top 10%,"School of Public Policy, University of Calgary, Calgary, Canada."
Top 10%,"School of Accounting, Economics, and Finance, University  of Wollongong, Wollongong, Australia."
Top 6%,"School of Banking and Finance, UNSW Business School, UNSW Sydney, Sydney, Australia."
Top 10%,"School of Business, George Washington University, Washington, District of Columbia (USA)."
345,"School of Business, Leicester University
Leicester, United Kingdom"
Top 9%,"School of Business, Stevens Institute of Technology, Hoboken, New Jersey (USA)."
Top 8%,"School of Business, Trinity  College Dublin, Dublin, Ireland."
Top 9%,"School of Business, University  College Dublin, Dublin, Ireland."
441,"School of Business, University  of Alberta
Edmonton, Canada"
Top 9%,"School of Business, University  of Connecticut, Storrs, Connecticut (USA)."
Top 7%,"School of Business, University  of Otago, Dunedin, New Zealand."
259,"School of Business, University  of Wisconsin-Madison
Madison, Wisconsin (USA)"
Top 7%,"School of Business, Virginia Commonwealth University, Richmond, Virginia (USA)."
Top 10%,"School of Business Administration, American University  of Sharjah, Sharjah, United Arab Emirates."
134,"School of Business and Economics, Maastricht University
Maastricht, Netherlands"
229,"School of Business and Economics, Universidade Nova de Lisboa
Lisboa, Portugal"
81,"School of Business and Economics, Vrije Universiteit Amsterdam
Amsterdam, Netherlands"
Top 7%,"School of Business and Economics, Wilfrid Laurier University, Waterloo, Canada""."
Top 8%,"School of Business and Management, Queen Mary  University  of London, London, United Kingdom."
Top 6%,"School of Economics, College of Business and Economics, Yonsei University, Seoul, South Korea."
160,"School of Economics, Faculty  of Arts and Social Sciences, University  of Sydney
Sydney, Australia"
Top 6%,"School of Economics, Faculty  of Commerce, University  of Cape Town, Cape Town, South Africa."
Top 7%,"School of Economics, Fudan University, Shanghai, China."
Top 6%,"School of Economics, Georgia Institute of Technology, Atlanta, Georgia (USA)."
Top 6%,"School of Economics, Interdisciplinary  Center (IDC), Herzliya, Israel."
Top 8%,"School of Economics, Kwansei Gakuin University, Hyogo, Japan."
360,"School of Economics, LeBow College of Business, Drexel University
Philadelphia, Pennsylvania (USA)"
355,"School of Economics, Singapore Management University
Singapore, Singapore"
Top 8%,"School of Economics, Sungkyunkwan University, Seoul, South Korea."
136,"School of Economics, UNSW Business School, UNSW Sydney
Sydney, Australia"
151,"School of Economics, Universitat de Barcelona
Barcelona, Spain"
336,"School of Economics, Universiteit Utrecht
Utrecht, Netherlands"
226,"School of Economics, University  College Dublin
Dublin, Ireland"
215,"School of Economics, University  of Bristol
Bristol, United Kingdom"
456,"School of Economics, University  of East Anglia
Norwich, United Kingdom"
237,"School of Economics, University  of Edinburgh
Edinburgh, United Kingdom"
356,"School of Economics, University  of Kent
Canterbury, United Kingdom"
Top 10%,"School of Economics, University  of Maine, Orono, Maine (USA)."
74,"School of Economics, University  of Nottingham
Nottingham, United Kingdom"
129,"School of Economics, University  of Queensland
Brisbane, Australia"
275,"School of Economics, University  of Surrey
Guildford, United Kingdom"
Top 9%,"School of Economics, Xiamen University, Fujian, China."
Top 8%,"School of Economics and Business, Norges miljø- og biovitenskapelig universitet, Ås, Norway."
Top 10%,"School of Economics and Finance, Business School, Massey  University, Palmerston North, New Zealand."
Top 8%,"School of Economics and Finance, Business School, Queensland University  of Technology, Brisbane, Australia."
Top 8%,"School of Economics and Finance, Faculty  of Business and Economics, University  of Hong Kong, Pokfulam, Hong Kong."
184,"School of Economics and Finance, Queen Mary  University  of London
London, United Kingdom"
Top 8%,"School of Economics and Finance, University  of St. Andrews, Fife, United Kingdom."
Top 8%,"School of Economics and Finance, Wellington School of Business and Government, Victoria University  of Wellington, Wellington, New Zealand."
341,"School of Economics and Management, Tsinghua University
Beijing, China"
48,"School of Economics and Management, Universiteit van Tilburg
Tilburg, Netherlands"
Top 10%,"School of Economics and Management, University  of Chinese Academy  of Sciences, Beijing, China."
230,"School of Economics and Political Science, Universität St. Gallen
Sankt Gallen, Switzerland"
450,"School of Economics and Public Policy, University  of Adelaide
Adelaide, Australia"
Top 6%,"School of Economic Sciences, Washington State University, Pullman, Washington (USA)."
Top 7%,"School of Finance, Universität St. Gallen, Sankt Gallen, Switzerland."
420,"School of Global Policy  and Strategy , University  of California-San Diego (UCSD)
La Jolla, California (USA)"
Top 8%,"School of Industrial and Labor Relations, Cornell University, Ithaca, New York (USA)."
93,"School of International and Public Affairs (SIPA), Columbia University
New York City, New York (USA)"
Top 6%,"School of Management, Politecnico di Milano, Milano, Italy."
Top 10%,"School of Management, University  of Bradford, Bradford, United Kingdom."
65,"School of Management, Yale University
New Haven, Connecticut (USA)"
Top 9%,"School of Public Affairs, Arizona State University, Phoenix, Arizona (USA)."
Top 10%,"School of Public Policy, University  of California-Riverside, Riverside, California (USA)."
Top 9%,"School of Public Policy, University  of Maryland, College Park, Maryland (USA)."
391,"School of Public and Environmental Affairs, Indiana University
Bloomington, Indiana (USA)"
162,"School of Public and International Affairs, Princeton University
Princeton, New Jersey (USA)"
Top 10%,"Schulich School of Business, York University, Toronto, Canada."
Top 9%,"Schweizerisches Institut für Banken und Finanzen (SBF), School of Finance, Universität St. Gallen, Sankt Gallen, Switzerland."
301,"Schweizerische Nationalbank (SNB)
Bern/Zürich, Switzerland"
41,"Sciences économiques, Sciences Po
Paris, France"
Top 7%,"Science Policy  Research Unit (SPRU), Sussex Business School, University  of Sussex, Brighton, United Kingdom."
Top 6%,"Scuola de Economia e Studi Aziendali, Università degli Studi Roma Tre, Roma, Italy."
245,"Scuola di Economia e Management, Università degli Studi di Firenze
Firenze, Italy"
323,"Scuola di Economia e Statistica, Università degli Studi di Milano-Bicocca
Milano, Italy"
Top 6%,"Sectie Economie, Wageningen Universiteit en Researchcentrum, Wageningen, Netherlands."
Top 10%,"Sekolah Perniagaan dan Ekonomi, Universiti Putra Malaysia (UPM), Serdang, Malaysia."
Top 8%,"Seminar für Wirtschafts- und Sozialgeschichte, Wirtschafts- und Sozialwissenschaftliche Fakultät, Universität zu Köln, Köln, Germany."
Top 9%,"Senter for teknologi, innovasjon og kultur (TIK), Universitetet i Oslo, Oslo, Norway."
213,"Shanghai Advanced Institute of Finance (SAIF), Shanghai Jiao Tong University
Shanghai, China"
Top 8%,"Shanghai University  of Finance and Economics, Shanghai, China."
317,"Singapore Management University
Singapore, Singapore"
31,"Sloan School of Management, Massachusetts Institute of Technology   (MIT)
Cambridge, Massachusetts (USA)"
419,"Smeal College of Business Administration, Pennsylvania State University
State College, Pennsylvania (USA)"
Top 7%,"Social- und Wirtschaftswissenschaftliche Fakultät, Karl-Franzens-Universität Graz, Graz, Austria."
416,"Social Policy  Evaluation, Analysis and Research Centre (SPEAR), Research School of Economics, College of Business and Economics, Australian National University
Canberra, Australia"
Top 8%,"Social Research Institute, Institute of Education, University  College London (UCL), London, United Kingdom."
Top 6%,"Social Sciences, Gran Sasso Science Institute (GSSI), L'Aquila, Italy."
69,"Solvay  Brussels School of Economics and Management, Université Libre de Bruxelles
Bruxelles, Belgium"
Top 9%,"Sol Price School of Public Policy, University  of Southern California, Los Angeles, California (USA)."
Top 9%,"Southampton Business School, University  of Southampton, Southampton, United Kingdom."
Top 6%,"Southwestern University  of Finance and Economics (SWUFE), Chengdu, China."
387,"Spears School of Business, Oklahoma State University
Stillwater, Oklahoma (USA)"
Top 7%,"Staatswissenschaftliches Seminar, Wirtschafts- und Sozialwissenschaftliche Fakultät,."
235,"Stanford Institute for Economic Policy  Research (SIEPR), Stanford University
Stanford, California (USA)"
Top 7%,"Statistisk Sentralbyrå, Government of Norway, Oslo, Norway."
26,"Stern School of Business, New York University  (NYU)
New York City, New York (USA)"
418,"Stiftelsen Frischsenteret for samfunnsøkonomisk forskning, Universitetet i Oslo
Oslo, Norway"
Top 8%,"Stirling Management School, University  of Stirling, Stirling, United Kingdom."
75,"Stockholm School of Economics
Stockholm, Sweden"
231,"Strategy  and Business Economics Division, Sauder School of Business, University  of British Columbia
Vancouver, Canada"
Top 6%,"Suntory  and Toyota International Centres for Economics and Related Disciplines (STICERD), London School of Economics (LSE), London, United Kingdom."
398,"Suomen Pankki
Helsinki, Finland"
150,"Sussex Business School, University  of Sussex
Brighton, United Kingdom"
Top 9%,"Sustainability  Environmental Economics and Dynamics Studies (SEEDS), Ferrara, Italy."
309,"Sveriges Riksbank
Stockholm, Sweden"
273,"Swiss Finance Institute
Genève/Zürich, Switzerland"
Top 9%,"Swiss Institute for International Economics and Applied Economics Research, School of Economics and Political Science, Universität St."
Top 6%,"Switzerland Food and Agriculture Organization (FAO), United Nations, Roma, Italy."
Top 9%,"Szkoła Biznesu, Universytet Vizja, Warszawa, Poland."
396,"Szkoła Główna Handlowa w Warszawie
Warszawa, Poland"
Top 6%,"Taloustieteen Laitos, Kauppakorkeakoulu, Aalto-yliopisto, Helsinki, Finland."
Top 10%,"Taloustieteen laitos, Turun Kauppakorkeakoulu, Turun Yliopisto, Turku, Finland."
308,"Tepper School of Business Administration, Carnegie Mellon University
Pittsburgh, Pennsylvania (USA)"
240,"Terry  College of Business, University  of Georgia
Athens, Georgia (USA)"
316,"Théorie Économique, Modélisation, Application (THEMA), Université de Cergy -Pontoise
Cergy-Pontoise, France"
159,"Tinbergen Instituut
Amsterdam, Netherlands"
Top 8%,"Tippie College of Business, University  of Iowa, Iowa City, Iowa (USA)."
19,"Toulouse School of Economics (TSE)
Toulouse, France"
Top 10%,"Transitions Energétiques et Environnementales (TREE), Collège Sciences Sociales et Humanités, Université de Pau et des Pays de l'Adour, Pau, France."
115,"Tuck School of Business, Dartmouth College
Hanover, New Hampshire (USA)"
Top 8%,"Turun Kauppakorkeakoulu, Turun Yliopisto, Turku, Finland."
Top 8%,"Türkiye Cumhuriyet Merkez Bankası, Ankara, Turkey."
Top 6%,"UBS International Center of Economics in Society, Institut für Volkswirtschaftslehre, Wirtschaftswissens
chaftliche Fakutält, Universität Zürich, Zürich, Switzerland."
91,"UNSW Business School, UNSW Sydney
Sydney, Australia"
Top 6%,"Unidade de Estudos sobre Complexidade e Economia (UECE), Research in Economics and Mathematics (REM), Instituto Superior de Economia e Gestão (ISEG), Universidade de Lisboa, Lisboa, Portugal."
Top 6%,"Unidade do Negócios e Economia, Insper, São Paulo, Brazil."
428,"Unitat de Fonaments de l'Anàlisi Econòmica, Departament d'Economia i Història Econòmica, Universitat Autònoma de Barcelona, Barcelona School of Economics (BSE)
Barcelona, Spain"
Top 9%,"United Nations Conference on Trade and Development (UNCTAD), United Nations, Genève, Switzerland."
262,"United Nations University -Maastricht Economic Research Institute of Innovation and Technology  (UNU- MERIT)
Maastricht, Netherlands"
Top 8%,"Universidade de São Paulo, São Paulo, Brazil."
Top 9%,"Universidad del CEMA, Buenos Aires, Argentina."
Top 7%,"University  of Economics Ho Chi Minh City, Ho Chi Minh City, Viet Nam."
Top 9%,"University  of International Business and Economics (UIBE), Beijing, China."
404,"University  of Piraeus
Piraeus, Greece"
21,"Università Commerciale Luigi Bocconi
Milano, Italy"
Top 9%,"Universität Bonn, Bonn, Germany."
Top 7%,"Universität zu Köln, Köln, Germany Faculty  of Finance, City  University  of Macao, Macau, Macao."
176,"Université Paris-Dauphine (Paris IX)
Paris, France"
Top 9%,"Urban Institute, Washington, District of Columbia (USA)."
Top 10%,"Urban Institute, Kyushu University, Fukuoka, Japan."
Top 6%,"Vakgroep Algemene Economie, School of Business and Economics, Maastricht University, Maastricht, Netherlands."
Top 9%,"Vakgroep Kwantitatieve Economie, School of Business and Economics, Maastricht University, Maastricht, Netherlands."
Top 10%,"Valtion taloudellinen tutkimuskeskus (VATT), Government of Finland, Helsinki, Finland."
47,"Vancouver School of Economics, University  of British Columbia
Vancouver, Canada"
Top 9%,"Vienna Center for Experimental Economics (VCEE), Fakultät für Wirtschaftswissenschaften, Universität Wien, Wien, Austria."
Top 10%,"Vlaams Instituut voor Economie en Samenleving (VIVES), Faculteit Economie en Bedrijfswetenschappen, KU Leuven, Leuven, Belgium."
Top 7%,"Vlerick Business School, Gent, Belgium."
Top 7%,"Volatility  Institute, Stern School of Business, New York University  (NYU), New York City, New York (USA)."
130,"Volkswirtschaftliche Fakultät, Ludwig-Maximilians-Universität München
München, Germany"
Top 10%,"Volkswirtschaftslehre, Otto-Friedrich Universität Bamberg, Bamberg, Germany."
460,"Vysoká Škola Ekonomická v Praze
Praha, Czech Republic"
429,"W.E. Upjohn Institute for Employment Research
Kalamazoo, Michigan (USA)"
113,"W.P. Carey  School of Business, Arizona State University
Tempe, Arizona (USA)"
152,"WU Wirtschaftsuniversität Wien
Wien, Austria"
Top 6%,"Wagner Graduate School of Public Service, New York University  (NYU), New York City, New York (USA)."
322,"Waikato Management School, University  of Waikato
Hamilton, New Zealand"
403,"Wallace E. Carroll School of Management, Boston College
Chestnut Hill, Massachusetts (USA)"
42,"Walter A. Haas School of Business, University  of California-Berkeley
Berkeley, California (USA)"
Top 10%,"Walton College of Business, University  of Arkansas, Fayetteville, Arkansas (USA)."
265,"Warrington College of Business, University  of Florida
Gainesville, Florida (USA)"
366,"Warwick Business School, University  of Warwick
Coventry, United Kingdom"
Top 8%,"Weatherhead School of Management, Case Western Reserve University, Cleveland, Ohio (USA)."
395,"Wellington School of Business and Government, Victoria University  of Wellington
Wellington, New Zealand"
36,"Wharton School of Business, University  of Pennsylvania
Philadelphia, Pennsylvania (USA)"
Top 6%,"Wiener Institut für Internationale Wirtschaftsvergleiche (WIIW), Wien, Austria."
220,"Wilbur O. and Ann Powers College of Business, Clemson University
Clemson, South Carolina (USA)"
Top 6%,"Wilhelms-Universität Bonn, Bonn, Germany."
287,"William E. Simon Graduate School of Business Administration, University  of Rochester
Rochester, New York (USA)"
Top 7%,"Wirtschafts- und Sozialwissenschafltiche Fakultät, Universität Potsdam, Potsdam, Germany."
438,"Wirtschafts- und Sozialwissenschaftliche Fakultät, Friedrich-Alexander-Universität Erlangen-Nürnberg
Erlangen-Nürnberg, Germany"
179,"Wirtschafts- und Sozialwissenschaftliche Fakultät, Universität zu Köln
Köln, Germany"
Top 9%,"Wirtschaftswissenschafltiche Fakultät, Universität Leipzig, Leipzig, Germany."
386,"Wirtschaftswissenschaftlichen Fakultät, Eberhard-Karls-Universität Tübingen
Tübingen, Germany"
142,"Wirtschaftswissenschaftlicher Fachbereich, Rheinische Friedrich-Wilhelms-Universität Bonn
Bonn, Germany"
280,"Wirtschaftswissenschaftliches Zentrum, Universität Basel
Basel, Switzerland"
Top 9%,"Wirtschaftswissenschaftliche Fakultät, Bayerische Julius-Maximilians-Universität Würzburg, Würzburg, Germany."
Top 6%,"Wirtschaftswissenschaftliche Fakultät, Friedrich-Schiller-Universität Jena, Jena, Germany."
447,"Wirtschaftswissenschaftliche Fakultät, Georg-August-Universität Göttingen
Göttingen, Germany"
352,"Wirtschaftswissenschaftliche Fakultät, Heinriche-Heine-Universität Düsseldorf
Düsseldorf, Germany"
306,"Wirtschaftswissenschaftliche Fakultät, Humboldt-Universität Berlin
Berlin, Germany"
428,"Wirtschaftswissenschaftliche Fakultät, Leibniz Universität Hannover
Hannover, Germany"
Top 8%,"Wirtschaftswissenschaftliche Fakultät, Universität Münster, Münster, Germany."
Top 8%,"Wirtschaftswissenschaftliche Fakultät, Universität Regensburg, Regensburg, Germany."
43,"Wirtschaftswissenschaftliche Fakutält, Universität Zürich
Zürich, Switzerland"
Top 7%,"Wissenschaftszentrum Berlin für Sozialforschung (WZB), Berlin, Germany."
5,"World Bank Group
Washington, District of Columbia (USA)"
222,"Wydział Nauk Ekonomicznych, Uniwersytet Warszawski
Warszawa, Poland"
Top 9%,"Zentrum für Entwicklungsforschung (ZEF), Rheinische Friedrich-Wilhelms-."
Top 8%,"Zicklin School of Business, Baruch College, City  University  of New York (CUNY), New York City, New York (USA)."
Top 6%,"briq Institute on Behavior and Inequality, Bonn, Germany."
263,"de Nederlandsche Bank
Amsterdam, Netherlands"
50,"ifo Institut - Leibniz-Institut für Wirtschaftsforschung an der Universität München e.V.
München, Germany"
Top 6%,"pour l'Agriculture, l'Alimentation et l'Environnement (SAE2), Institut National."
359,"École Universitaire de Recherche d'Économie et de Management (ELMI), Université Côte d'Azur
Nice, France"
414,"École d'Économie, Université Clermont Auvergne
Clermont-Ferrand, France"
109,"École d'Économie d'Aix-Marseille, Aix-Marseille Université
Aix-en-Provence/Marseille, France"
Top 10%,"École des Hautes Études en Sciences Sociales (EHESS), Paris, France."
349,"École des Sciences de la Gestion (ESG), Université du Québec à Montréal (UQAM)
Montréal, Canada"
Top 8%,"Équipe de Recherche sur l'Utilisation des Données Individuelles en lien avec la Théorie Économique (ERUDITE), Université Paris-Est, Créteil, France."
145,"Österreichisches Institut für Wirtschaftsforschung (WIFO)
Wien, Austria"
428,"Økonomisk Institut, Copenhagen Business School
Frederiksberg, Denmark"
98,"Økonomisk Institut, Københavns Universitet
København, Denmark"
180,"Økonomisk institutt, Universitetet i Oslo
Oslo, Norway"
Top 7%,"Česká Národní Banka, Praha, Czech Republic."
458,"İktisadi ve İdari Bilimler Fakültesi, Koç Üniversitesi
İstanbul, Turkey"
457,"İktisat Bölümü, Bilkent Üniversitesi
Ankara, Turkey"
Top 10%,"İktisat Bölümü, Boğaziçi Üniversitesi, İstanbul, Turkey."
Top 6%,"İktisat Bölümü, İktisadi ve İdari Bilimler Fakültesi, Koç Üniversitesi, İstanbul, Turkey."
